id,domain,status,purchase_price,renewal_price,attractiveness,demand,length,registrar,created_at,expires_at,status_verified_at
db593afd-d721-4c68-88ae-7d5cddb1150a,talleyrand.lawyer,available,62.99,62.99,high,low,10,namesilo,,,02/10/2026 23:57
3ba9b8ec-b34f-4ea1-b886-6b1a4115a779,increase.lawyer,available,48.2,48.2,high,low,8,cloudflare,,,29/09/2026 20:27
6e656532-f1ed-4ff3-80ef-4464f6ddd52d,parasites.lawyer,available,49.88,49.88,low,low,9,spaceship,,,29/09/2026 22:54
75762301-be2a-4907-b47c-6debb9c907c6,collect.lawyer,premium,3250,3250,high,low,7,namecheap,,,27/09/2026 06:57
742824e8-7d00-4971-9664-e84d50b93807,cleaning.lawyer,available,62.99,62.99,high,low,8,namesilo,,,27/09/2026 06:58
1489a51f-1183-418d-b3f5-cb662c9e218f,asn.lawyer,available,49.88,49.88,high,low,3,spaceship,,,03/10/2026 04:25
defc6c44-d21c-4103-abb9-6c80d8c6e64d,montane.lawyer,available,62.99,62.99,medium,low,7,namesilo,,,25/08/2026 05:41
1a5901f8-35dc-40a6-a578-57661e0b4604,astronomical.lawyer,available,49.88,49.88,high,low,12,spaceship,,,29/09/2026 14:28
5ee4b51d-7237-4fc3-a46e-ef3643e9f99b,narial.lawyer,available,62.99,62.99,medium,low,6,namesilo,,,03/09/2026 13:14
e3c6199f-91dd-415f-829b-98ad339374eb,length.lawyer,available,62.99,62.99,high,low,6,namesilo,,,30/09/2026 02:48
420bd43c-702c-4062-a1c2-1a9f4de29f60,incision.lawyer,available,51.58,51.58,high,low,8,dynadot,,,30/09/2026 01:58
43c02f40-78b8-47e2-b149-68cb68891449,tutor.lawyer,available,62.99,62.99,high,low,5,namesilo,,,28/09/2026 10:46
7e02b239-a606-49e7-9ede-e7118709a655,succeed.lawyer,available,62.99,62.99,high,low,7,namesilo,,,30/09/2026 16:37
291c81aa-ce86-4260-89b3-416179e6a259,stag.lawyer,available,49.95,49.95,high,low,4,porkbun,,,30/09/2026 18:38
84b1e368-4ff5-444d-9ccf-a069cc337358,ackack.lawyer,available,62.99,62.99,medium,low,7,namesilo,,,
43e4c5b8-80e3-4c49-9f63-9d4f88d5fb32,describes.lawyer,available,62.99,62.99,medium,low,9,namesilo,,,29/09/2026 17:07
7a6518b5-aab2-44ad-91db-6f76345e6bbb,terbium.lawyer,available,65.98,66.98,medium,low,7,namecheap,,,20/09/2026 23:28
0476f68a-d84c-45f2-8705-310204cf0054,umbrella.lawyer,available,62.99,62.99,high,low,8,namesilo,,,11/09/2026 23:04
56883930-feaf-445f-8eb9-19d66c005a2f,summative.lawyer,available,62.99,62.99,medium,low,9,namesilo,,,11/09/2026 01:36
ccab6b31-304d-4f2e-9ee4-e0b826913903,muttering.lawyer,available,62.99,62.99,medium,low,9,namesilo,,,03/09/2026 11:14
1487ed3e-5089-4641-86b3-d914861ed977,nicaean.lawyer,available,62.99,62.99,medium,low,7,namesilo,,,03/09/2026 16:59
79cabe4f-4eb7-4431-b40a-c1b0f43f0168,petallike.lawyer,available,65.98,66.98,medium,low,9,namecheap,,,08/09/2026 18:13
35ec7aa8-ce3c-4198-8c1f-1089ed19252a,conserved.lawyer,available,62.99,62.99,high,low,9,namesilo,,,12/08/2026 22:38
ba594858-4ce2-4481-8633-2c8d3a17763c,linnaean.lawyer,available,65.98,66.98,medium,low,8,namecheap,,,23/08/2026 16:38
95d652e1-fff2-4c8b-acb0-6f8f04f23d50,pontiff.lawyer,available,65.98,66.98,medium,low,7,namecheap,,,23/09/2026 21:52
ffa23be2-7210-45a5-9f9c-e55dc00136b3,coaster.lawyer,available,65.98,66.98,high,low,7,namecheap,,,28/09/2026 18:46
032c64b3-b726-4f57-8cf8-197a4b2a71c3,lumber.lawyer,available,62.99,62.99,high,low,6,namesilo,,,22/09/2026 10:02
da197928-807e-450b-a2b6-146876365f05,abbess.lawyer,available,62.99,62.99,medium,low,6,namesilo,,,16/09/2026 14:23
300db78b-a1cf-4ee1-ba9b-15370947a327,interpret.lawyer,available,49.88,49.88,high,low,9,spaceship,,,30/09/2026 17:52
2090299e-f7c5-4445-9b9d-37d5bd9da5a6,paranoiac.lawyer,available,62.99,62.99,medium,low,9,namesilo,,,08/09/2026 01:08
84347143-05d8-4855-9852-9f0f8678d0d6,orpin.lawyer,available,62.99,62.99,medium,low,5,namesilo,,,24/08/2026 08:00
b45faf39-3ae2-4b01-9e69-4905a8ff0002,goony.lawyer,available,62.99,62.99,medium,low,5,namesilo,,,23/09/2026 23:48
a16c938d-ed04-42c7-ad7c-64caa76a04bc,orphic.lawyer,available,62.99,62.99,medium,low,6,namesilo,,,03/09/2026 12:27
8270bd4f-defe-41d9-b38e-c99bc65058db,specializing.lawyer,premium,3900,3900,medium,low,12,namecheap,,,20/09/2026 06:01
0d29a92e-d8f6-49ef-a284-e6345bbed72d,shades.lawyer,available,51.58,51.58,high,low,6,dynadot,,,28/09/2026 18:53
3e74476c-03a4-436f-9d5f-00846094a804,compeer.lawyer,available,62.99,62.99,medium,low,7,namesilo,,,17/08/2026 11:35
10f63649-e866-4dd6-8468-1e42d801d900,ugandan.lawyer,available,62.99,62.99,medium,low,7,namesilo,,,11/09/2026 22:40
0b0478e3-c9bb-4d1d-a1e2-f10ce37e36ac,constraining.lawyer,available,62.99,62.99,medium,low,12,namesilo,,,01/10/2026 23:03
9e7ac5bc-c810-421f-a551-5667f356e737,roundly.lawyer,available,62.99,62.99,medium,low,7,namesilo,,,14/09/2026 00:45
5173c165-0793-40dc-97d3-99d0e4e49424,auxetic.lawyer,available,62.99,62.99,medium,low,7,namesilo,,,07/08/2026 21:28
7478e954-485b-4f35-a879-dfa8662ad192,flit.lawyer,available,62.99,62.99,high,low,4,namesilo,,,18/08/2026 07:46
6409a5be-c2f3-4968-a85e-49a8363c42cd,trout.lawyer,available,62.99,62.99,high,low,5,namesilo,,,28/09/2026 06:50
8f397141-a479-4ddb-b1c1-65838ef5f2d9,hateful.lawyer,available,62.99,62.99,medium,low,7,namesilo,,,21/08/2026 01:18
72f92628-d42f-4953-a3d8-2958386e3e70,embarked.lawyer,available,49.88,49.88,medium,low,8,spaceship,,,02/10/2026 02:37
78902211-63fd-4bfb-ad6b-1acdfe86a43d,fourteen.lawyer,available,62.99,62.99,high,low,8,namesilo,,,21/09/2026 11:38
862961d9-191a-46cf-9094-95b573b4e363,downwind.lawyer,available,65.98,66.98,medium,low,8,namecheap,,,14/08/2026 18:03
f5cdcfed-5336-46db-a9e2-7f26f8b9420d,cloudburst.lawyer,available,62.99,62.99,medium,low,10,namesilo,,,24/09/2026 16:03
37fd6e0b-5669-4a73-b667-cc83c88ad9f5,agave.lawyer,available,62.99,62.99,high,low,5,namesilo,,,17/09/2026 16:37
b3a1e506-276e-4731-b893-c65cf7d89758,bilsted.lawyer,available,65.98,66.98,medium,low,7,namecheap,,,18/09/2026 20:49
39549686-abf7-405f-ac58-3b79b1ae7ce9,tenner.lawyer,available,62.99,62.99,medium,low,6,namesilo,,,21/09/2026 10:53
d3397f1a-5f76-485c-b892-4c4ae145f082,yankee.lawyer,available,62.99,62.99,high,low,6,namesilo,,,13/09/2026 14:12
9550aa4a-4942-4f73-8cc9-c2f261ebf9b2,whippy.lawyer,available,62.99,62.99,medium,low,6,namesilo,,,13/09/2026 11:26
13306495-b158-488c-acbb-fa47a4c81d7d,powerfully.lawyer,available,65.98,66.98,high,low,10,namecheap,,,15/09/2026 21:10
80656ded-4cea-41cb-9553-ec565a009079,robespierre.lawyer,available,49.88,49.88,medium,low,11,spaceship,,,30/09/2026 21:25
05f63131-7a16-4a04-94a2-b38916883a72,abruptly.lawyer,available,69.99,81.99,medium,low,8,name.com,,,13/08/2026 19:17
7923121c-1c40-497c-bcaf-426833d999d9,ntsb.lawyer,available,49.88,49.88,medium,low,4,spaceship,,,01/10/2026 07:49
52fd8a80-5549-4bfe-830b-1e8bf3ab8287,gaslit.lawyer,available,62.99,62.99,medium,low,6,namesilo,,,17/09/2026 16:25
3a50fcdf-67ca-4821-aacc-cb3d1dc3100d,curses.lawyer,available,49.88,49.88,medium,low,6,spaceship,,,01/10/2026 22:40
aa51c810-900e-4f27-8ea2-09468253c307,considered.lawyer,available,65.98,66.98,high,low,10,namecheap,,,23/09/2026 20:51
e8147ae4-b330-49bf-9488-d6fc69e01e31,divas.lawyer,available,62.99,62.99,medium,low,5,namesilo,,,20/09/2026 06:21
a3ba28ba-9bd6-440e-acfb-eb3498deec62,denies.lawyer,available,62.99,62.99,low,low,6,namesilo,,,29/09/2026 15:56
897f5541-9c52-4a95-8758-2fcf771ad27f,zanzibar.lawyer,available,48.2,48.2,high,low,8,cloudflare,,,30/09/2026 14:48
7e3eafdb-2f3b-4f87-be39-87289eda7c1e,parrish.lawyer,premium,414.2,414.2,medium,low,7,spaceship,,,28/09/2026 14:51
d87caa16-f8e0-4dcd-b53d-693f6e329405,alger.lawyer,available,65.98,66.98,medium,low,5,namecheap,,,18/09/2026 06:56
328324c3-b5ee-45c5-9da8-23f7aa6d51a7,corrupted.lawyer,available,62.99,62.99,medium,low,9,namesilo,,,23/09/2026 23:59
b7b6c132-e633-488b-828d-9f947d519e4e,creamy.lawyer,available,62.99,62.99,high,low,6,namesilo,,,13/08/2026 05:45
f23da08f-af1d-4340-8cee-1b9e536e5f7a,coleridge.lawyer,available,49.95,49.95,medium,low,9,porkbun,,,28/09/2026 09:24
40028552-7b37-473b-bf08-f46e24523f21,gaston.lawyer,available,62.99,62.99,high,low,6,namesilo,,,25/09/2026 12:38
26b1c62f-68ea-4588-b2a7-72dbb396f795,discontinued.lawyer,available,65.98,66.98,medium,low,12,namecheap,,,30/09/2026 23:13
5a34c2a8-56c1-4abe-81af-ccc537051c34,archetypal.lawyer,available,62.99,62.99,medium,low,10,namesilo,,,06/08/2026 15:32
9368863f-186f-494a-9ea0-8146c5b274b9,jailed.lawyer,available,62.99,62.99,medium,low,6,namesilo,,,19/09/2026 04:16
96854f7d-f011-4682-8f3e-201b2d79d5a1,demons.lawyer,available,62.99,62.99,low,low,6,namesilo,,,25/09/2026 21:42
441b25bd-da62-45fc-aa00-aa417ea52bd7,carrillo.lawyer,premium,102.67,102.67,high,low,8,spaceship,,,30/09/2026 05:28
bca756ab-c403-4f74-ac19-c9c0de8a501b,boutique.lawyer,available,51.58,51.58,high,low,8,dynadot,,,02/10/2026 10:33
0487b891-a122-4051-b8f0-8265c8c19b3c,antitoxic.lawyer,available,62.99,62.99,medium,low,9,namesilo,,,05/08/2026 19:55
2dc115d8-83af-4e46-b89c-9107048d6c66,bouncing.lawyer,available,62.99,62.99,high,low,8,namesilo,,,23/09/2026 01:19
59434676-b52b-4a30-a0dd-64c5662c3e89,smokes.lawyer,available,49.88,49.88,low,low,6,spaceship,,,02/10/2026 03:50
5bdbf843-a009-48c7-8e9b-5c106147f6e5,self.lawyer,premium,242,242,high,medium,4,namesilo,,,19/09/2026 02:59
8803417f-e959-4c14-9036-61459156e241,essen.lawyer,premium,102.67,102.67,medium,low,5,spaceship,,,28/09/2026 19:08
c5ff3daa-cc2e-47f6-881e-7d10097542bd,dinners.lawyer,available,65.98,66.98,medium,low,7,namecheap,,,29/09/2026 05:41
aaae8325-2af4-4f0e-a128-053ef7e630f5,dissembler.lawyer,available,65.98,66.98,medium,low,10,namecheap,,,08/09/2026 19:10
68d83d64-280d-4c63-94c4-19b01347112a,arugula.lawyer,available,65.98,66.98,high,low,7,namecheap,,,20/09/2026 12:10
e38ed01b-23bd-4ce6-98c8-705e8a921201,tangerine.lawyer,available,62.99,62.99,high,low,9,namesilo,,,11/09/2026 07:55
1a48cb33-2b70-45e6-add9-7156201af883,becomes.lawyer,available,62.99,62.99,medium,low,7,namesilo,,,27/09/2026 10:31
97ac296d-ba9c-4d21-9b1e-467bd3493b69,helga.lawyer,available,51.58,51.58,high,low,5,dynadot,,,30/09/2026 21:14
ddd413a5-35d8-4faa-a63e-16ea363c3fe9,profound.lawyer,available,62.99,62.99,high,low,8,namesilo,,,27/09/2026 07:12
50a1a689-2140-44fb-9602-b261520a63ad,earrings.lawyer,available,62.99,62.99,medium,low,8,namesilo,,,30/09/2026 00:39
c48c2c6a-820e-4065-867c-8d78284702d8,assassin.lawyer,available,62.99,62.99,high,low,8,namesilo,,,20/09/2026 15:43
44e70b6d-6e6c-44d7-9a5b-9aea5225a564,involuntary.lawyer,available,49.88,49.88,medium,low,11,spaceship,,,30/09/2026 11:32
660709eb-f6c6-4c8c-858a-98f04f085ed6,balletic.lawyer,available,62.99,62.99,medium,low,8,namesilo,,,08/08/2026 10:26
037e125f-af18-449b-901c-db1d15a9b65b,aconitum.lawyer,available,62.99,62.99,medium,low,8,namesilo,,,17/09/2026 02:06
b408a306-efb2-4c0f-b365-a4b9eafe28a5,hof.lawyer,premium,102.67,102.67,high,low,3,spaceship,,,30/09/2026 19:41
1f455c04-f3d9-4bbb-8fe4-020db441c0d5,anything.lawyer,resell,,,high,low,8,"NameCheap, Inc.",14/01/2026 05:14,14/01/2027 05:14,01/10/2026 00:40
59cff998-072d-4968-b313-9db0e0c28385,stowe.lawyer,premium,414.2,414.2,medium,low,5,spaceship,,,28/09/2026 14:23
16221442-672a-41f9-87e9-aa9998c58619,bromic.lawyer,available,62.99,62.99,medium,low,6,namesilo,,,11/08/2026 05:32
1ec62914-11de-4cb7-bce5-fcd715121b4d,frilled.lawyer,available,62.99,62.99,medium,low,7,namesilo,,,18/08/2026 15:49
707d3972-08ea-457e-94e1-ee6c1c8bc620,missed.lawyer,available,62.99,62.99,medium,low,6,namesilo,,,25/08/2026 01:45
c2b6b246-c58b-464f-a80a-5955f79aa7b7,trapper.lawyer,available,62.99,62.99,high,low,7,namesilo,,,02/10/2026 06:34
94e85583-670a-4950-9498-a154c75fde2a,superiors.lawyer,available,49.88,49.88,medium,low,9,spaceship,,,29/09/2026 05:50
3ee3e012-285c-49dd-bc03-daf8b07f85a0,lakeside.lawyer,premium,,,high,low,8,,,,01/10/2026 20:15
fc858fe8-5fc5-48c4-9418-4e0044345890,trusting.lawyer,available,62.99,62.99,high,low,8,namesilo,,,11/09/2026 20:47
a63377c7-4166-412d-b79c-f7effdc74112,cranial.lawyer,available,62.99,62.99,medium,low,7,namesilo,,,13/08/2026 04:49
bb3f2984-c78a-497a-92ad-7242785e70f4,fills.lawyer,available,49.88,49.88,medium,low,5,spaceship,,,29/09/2026 11:18
09166284-05b1-4575-a10b-721efbe36b90,nodes.lawyer,available,49.88,49.88,medium,low,5,spaceship,,,01/10/2026 18:29
9a0e5bf9-8ca6-41b9-9002-38433c5aaade,clancy.lawyer,available,49.88,49.88,medium,low,6,spaceship,,,28/09/2026 21:20
fa08eb2c-8b7a-4d56-95e0-aceada625ec1,sadat.lawyer,available,62.99,62.99,medium,low,5,namesilo,,,19/09/2026 15:58
b30aa57d-94f9-4a24-b3f9-99b9a57b0220,verge.lawyer,available,49.88,49.88,high,low,5,spaceship,,,28/09/2026 18:30
5607b9ca-39f5-44ee-8a2d-5ab35bf701ec,kitchens.lawyer,available,48.2,48.2,medium,low,8,cloudflare,,,02/10/2026 03:24
b4cb92cc-8709-4f8f-a034-4910d6f06b24,untucked.lawyer,available,62.99,62.99,low,low,8,namesilo,,,12/09/2026 21:50
f4ed8329-e980-4383-9eae-e4c3970fb88e,dwarfs.lawyer,available,49.88,49.88,medium,low,6,spaceship,,,02/10/2026 13:04
5d65bba5-73e3-4b0e-a557-3dbcda8a4d32,rebuilt.lawyer,available,62.99,62.99,high,low,7,namesilo,,,29/09/2026 16:05
6d6afa04-d69e-4676-a1f9-6df0376c8b2a,within.lawyer,available,48.2,48.2,high,low,6,cloudflare,,,28/09/2026 16:47
9c4b8fc5-bcf7-47a0-803b-bb9d7d9aed51,ubuntu.lawyer,available,62.99,62.99,high,low,6,namesilo,,,02/10/2026 12:40
fb2e773e-278c-47d2-9d3d-a581e978d9af,covered.lawyer,available,62.99,62.99,high,low,7,namesilo,,,24/09/2026 00:50
1657ef19-7f24-4cf2-bb60-9a2f97615a11,unbridled.lawyer,available,62.99,62.99,high,low,9,namesilo,,,12/09/2026 04:31
e2cc8b40-4d84-4d83-9e0a-f84d56c1ba8e,dealing.lawyer,available,62.99,62.99,high,low,7,namesilo,,,25/09/2026 04:50
2cc7878e-ebff-4346-8582-c3cd62f581db,experient.lawyer,available,65.98,66.98,high,low,9,namecheap,,,17/08/2026 18:12
25c0a6c0-e48c-4eed-8984-65bc0e71120d,adana.lawyer,available,62.99,62.99,medium,low,5,namesilo,,,17/09/2026 06:19
d4becf5b-493b-4efd-9b05-f6849e06a4f2,frontward.lawyer,available,62.99,62.99,medium,low,9,namesilo,,,18/08/2026 12:50
f42f4298-a047-4e6b-985c-dfb71879df95,faced.lawyer,available,65.98,66.98,high,low,5,namecheap,,,17/08/2026 20:20
e90cd52d-f9d8-404b-954b-9a1b17c9508f,interview.lawyer,premium,3450,3450,high,low,9,namesilo,,,29/09/2026 11:18
9f6d7756-96e9-433a-951a-96be812aa5d4,development.lawyer,premium,242,242,high,low,11,namesilo,,,01/10/2026 02:46
54fa3443-c345-49fc-b9e1-e23a5d22f26f,manitowoc.lawyer,available,62.99,62.99,medium,low,9,namesilo,,,01/10/2026 11:51
d692b4ab-40f6-486f-91ae-07aacc8667f4,septic.lawyer,available,62.99,62.99,high,low,6,namesilo,,,22/08/2026 04:07
fc301b3f-f99c-405f-8bf4-2abf359073e0,chuckles.lawyer,available,62.99,62.99,medium,low,8,namesilo,,,02/10/2026 23:09
379775f6-5d38-488b-9cab-89be2d063191,spends.lawyer,available,49.95,49.95,medium,low,6,porkbun,,,28/09/2026 08:36
6a9da77e-0aa0-4114-ad69-482cc54c033c,franks.lawyer,available,62.99,62.99,high,low,6,namesilo,,,01/10/2026 23:19
bff6be97-23b9-4812-a890-ac60ae07cd5b,satirical.lawyer,available,62.99,62.99,medium,low,9,namesilo,,,09/09/2026 21:49
0808c3d1-5510-4f8c-8ce4-71ad5805639f,kei.lawyer,available,49.88,49.88,medium,low,3,spaceship,,,01/10/2026 10:28
6e6e4ceb-be04-472b-b6b8-34eb6f4dd67b,bastard.lawyer,available,62.99,62.99,medium,low,7,namesilo,,,08/08/2026 23:19
1db6cd7f-c139-40a6-a251-f24ccb795fe5,ballinger.lawyer,available,62.99,62.99,high,low,9,namesilo,,,02/10/2026 08:10
39f2c6f8-aad6-4d78-88d8-e23684fa4d03,affirmations.lawyer,available,62.99,62.99,medium,low,12,namesilo,,,21/09/2026 01:56
86cdea61-9048-4f20-9d19-a4e567df81a8,anyone.lawyer,available,48.2,48.2,high,low,6,cloudflare,,,01/10/2026 00:39
b2ad157c-5f94-4e1f-8469-deb180b5a3fb,economies.lawyer,available,48.2,48.2,medium,low,9,cloudflare,,,02/10/2026 03:52
64788624-7fbb-4c40-9299-51848173eff5,karaoke.lawyer,available,51.58,51.58,high,low,7,dynadot,,,30/09/2026 17:46
d772aded-1e56-4ed4-ab52-79140d144114,coltsfoot.lawyer,available,62.99,62.99,medium,low,9,namesilo,,,23/09/2026 01:58
858734b4-3171-41c2-87cf-14d84a49cf4f,bug.lawyer,premium,118.8,118.8,high,low,3,namesilo,,,29/09/2026 00:24
2400bd17-f111-4136-ab25-cc6e8f24ea3a,ben.lawyer,premium,118.8,118.8,high,medium,3,namesilo,,,29/09/2026 02:04
d6742576-7197-4dc2-acfc-4b8e8cced431,sculpted.lawyer,available,65.98,66.98,high,low,8,namecheap,,,20/08/2026 18:50
cc9eea35-f3b8-4460-bd41-ba935e6aecde,aerospace.lawyer,premium,4140,4140,high,low,9,namesilo,,,17/09/2026 13:17
18e5bc85-e423-4634-8519-7462f2679a0e,eyetooth.lawyer,available,62.99,62.99,medium,low,8,namesilo,,,11/08/2026 16:59
63bcbf56-fce7-48a0-a4c9-e07b73080230,transpolar.lawyer,available,65.98,66.98,medium,low,10,namecheap,,,11/09/2026 18:57
86755a98-1f60-41fc-bfb9-19365122bfbb,judicious.lawyer,available,62.99,62.99,high,low,9,namesilo,,,21/08/2026 02:00
6b6c7f89-dcad-4b4c-ba2d-a9a114b53edd,relations.lawyer,available,62.99,62.99,high,low,9,namesilo,,,30/09/2026 09:32
268ba216-5b52-4620-b54b-25e06567a34b,motherless.lawyer,available,62.99,62.99,medium,low,10,namesilo,,,25/08/2026 07:02
d274bc0f-e9a4-4a6b-8708-f7e81ac1d4c1,laverne.lawyer,available,49.88,49.88,medium,low,7,spaceship,,,02/10/2026 23:33
96d8ecad-0075-4114-aa30-5aaee3de2b74,lunisolar.lawyer,available,62.99,62.99,medium,low,9,namesilo,,,24/08/2026 11:31
56f59e7b-4cd0-4821-9371-eddc9097b836,dans.lawyer,available,49.88,49.88,medium,low,4,spaceship,,,28/09/2026 04:35
51ea77d8-8f11-4f1c-892e-d422413c2d75,ducktape.lawyer,available,65.98,66.98,high,low,9,namecheap,,,27/09/2026 08:55
8243a246-5528-4276-ade4-de8f13a92e16,adnate.lawyer,available,62.99,62.99,medium,low,6,namesilo,,,
50fd12de-3324-4ac3-b3c3-f6014bd09b19,moderation.lawyer,available,62.99,62.99,high,low,10,namesilo,,,29/09/2026 17:29
f4c093e0-9931-40c6-80da-a2a9e6c5556c,greatly.lawyer,available,62.99,62.99,high,low,7,namesilo,,,28/09/2026 15:04
184baf23-fa67-4c77-9b0e-b3f20addd3a1,anhui.lawyer,premium,207.2,207.2,medium,low,5,spaceship,,,30/09/2026 21:24
d5dbc331-4298-473e-99ed-1c2793363620,astuteness.lawyer,available,65.98,66.98,medium,low,10,namecheap,,,20/09/2026 18:21
c9d840b9-7fba-48f6-b2f7-1f1b459b5bb5,proportion.lawyer,available,62.99,62.99,high,low,10,namesilo,,,30/09/2026 07:43
27615a9e-4305-4495-bdf1-3ee1e8797cbe,fling.lawyer,available,62.99,62.99,high,low,5,namesilo,,,29/09/2026 15:22
157c914f-d579-4a24-aa00-90f68507a6f2,about.lawyer,premium,3450,3450,high,low,5,namesilo,,,21/09/2026 14:03
bc3e487d-ddf1-4503-9cdf-bbdee863f981,fmri.lawyer,available,48.2,48.2,high,low,4,cloudflare,,,02/10/2026 04:55
769c0952-6722-436d-9936-d136737223df,imperialist.lawyer,available,49.88,49.88,medium,low,11,spaceship,,,02/10/2026 17:57
cecd186a-2182-4563-b563-00a9f2766809,popish.lawyer,available,62.99,62.99,medium,low,6,namesilo,,,05/09/2026 01:32
ee0cb097-2293-4968-b0d7-1597b9f0a564,enured.lawyer,available,62.99,62.99,medium,low,6,namesilo,,,17/08/2026 09:59
23aa5d67-a535-499e-9921-dcad5a6be4a3,kolkata.lawyer,premium,414.2,414.2,medium,low,7,spaceship,,,01/10/2026 01:15
7cccd1f6-410c-4ac7-94d8-1f5d89baf94b,professions.lawyer,available,62.99,62.99,high,low,11,namesilo,,,19/09/2026 22:50
8798d94a-243b-4ee7-860a-3792c356362e,sufferer.lawyer,available,62.99,62.99,medium,low,8,namesilo,,,24/09/2026 22:36
2450e6d7-83c0-4236-a584-bf021f5fa85d,cora.lawyer,premium,207.2,207.2,high,low,4,spaceship,,,28/09/2026 18:45
f73adc17-dc2c-46a5-b180-56b6b9c203d5,hieratic.lawyer,available,62.99,62.99,medium,low,8,namesilo,,,21/08/2026 08:24
8b548668-5df2-4c27-9c7a-8f46c82ec22f,ministry.lawyer,premium,,,high,low,8,,,,28/09/2026 19:53
026a58af-4466-476d-88f2-c8c8ce69261d,noise.lawyer,available,62.99,62.99,high,low,5,namesilo,,,29/09/2026 22:07
25aa6ec9-1eb3-4bdc-a82a-2a2a06178f3c,enquirer.lawyer,available,62.99,62.99,high,low,8,namesilo,,,20/09/2026 14:24
d0b13162-d2ca-456a-b061-5885846e6cbb,plagued.lawyer,available,49.88,49.88,medium,low,7,spaceship,,,29/09/2026 03:23
9e8b27ea-0fc2-4e9b-ac77-ed6d22d19e87,structured.lawyer,available,62.99,62.99,high,low,10,namesilo,,,10/09/2026 22:50
7cde9090-cec6-4ded-b37f-7ec9b32a4a77,strabismus.lawyer,available,65.98,66.98,medium,low,10,namecheap,,,10/09/2026 17:49
858d1980-842b-4256-a29f-3f461a9ec4d5,packets.lawyer,available,65.98,66.98,medium,low,7,namecheap,,,20/09/2026 14:11
7cc68d97-0758-47d5-98ea-9d08c6c15072,sneaker.lawyer,available,62.99,62.99,high,low,7,namesilo,,,11/08/2026 16:16
6b7a4ca7-72d9-4069-af31-670207f8d7f7,porch.lawyer,available,51.58,51.58,high,low,5,dynadot,,,27/09/2026 15:20
2ae4cb61-f259-4eb2-ab0c-7f28a33c726a,attributes.lawyer,available,65.98,66.98,medium,low,10,namecheap,,,01/10/2026 00:07
9fc1ae14-a958-467f-b279-73c6c8b62d78,annapurna.lawyer,available,62.99,62.99,medium,low,9,namesilo,,,19/09/2026 02:23
8f253499-d18d-4fa5-b1c8-725151b1a230,repeating.lawyer,available,65.98,66.98,high,low,9,namecheap,,,28/09/2026 06:41
42910cd3-5d35-4505-a4a3-7eb0ff357437,aigret.lawyer,available,65.98,66.98,medium,low,6,namecheap,,,17/09/2026 20:56
9908c0e9-2a09-453b-bcf2-8bd112655b45,competitors.lawyer,available,48.2,48.2,medium,low,11,cloudflare,,,29/09/2026 11:34
d2fbb00e-6279-4aa6-a326-a1c25d9f81af,supersonic.lawyer,available,62.99,62.99,high,low,10,namesilo,,,11/09/2026 02:25
515d072d-0297-43bd-9b41-aa3b2a75a069,mahoning.lawyer,available,49.88,49.88,medium,low,8,spaceship,,,02/10/2026 01:03
9300023a-bfa4-435d-9b7f-9a1153d950da,abbe.lawyer,available,62.99,62.99,medium,low,4,namesilo,,,16/09/2026 14:22
87e3e014-cb07-4424-bda7-006cb49ba742,brick.lawyer,premium,207.2,207.2,high,low,5,spaceship,,,27/09/2026 11:59
bd5bec74-c040-4e14-b0aa-196ff454f9dc,noodle.lawyer,available,62.99,62.99,high,low,6,namesilo,,,24/09/2026 06:38
d4fd7509-af74-4167-93d5-c23c5bf4af82,venomed.lawyer,available,62.99,62.99,medium,low,7,namesilo,,,13/09/2026 02:06
8f623a98-d826-435a-b919-17982dc56745,draconian.lawyer,available,65.98,66.98,high,low,9,namecheap,,,14/08/2026 18:10
00b034d6-612f-4952-9fc6-e1bad0cd5934,sparkles.lawyer,available,65.98,66.98,high,low,8,namecheap,,,20/09/2026 19:19
d5c8a7df-19f5-47f9-9dda-00f2802855e8,mitral.lawyer,available,62.99,62.99,medium,low,6,namesilo,,,25/08/2026 02:10
13088c37-875e-418b-aeec-b5c1f7747e77,machinery.lawyer,available,62.99,62.99,high,low,9,namesilo,,,01/10/2026 03:43
62fb5ec8-61fc-4d44-876b-102d193b18ef,fulgid.lawyer,available,62.99,62.99,medium,low,6,namesilo,,,
7819d4c8-a140-41fc-bfca-2c421b32c95a,needful.lawyer,available,62.99,62.99,high,low,7,namesilo,,,03/09/2026 14:51
99a6376c-ead6-470a-bf87-89080fa7f189,italian.lawyer,premium,3750,3750,high,low,7,name.com,,,22/08/2026 11:36
4f196988-2b2c-4bbf-9a17-cafa09e51ec7,brisk.lawyer,available,62.99,62.99,high,low,5,namesilo,,,11/08/2026 00:32
124e2608-098b-41eb-a0b7-98ccbd01e6e8,profile.lawyer,premium,242,242,high,low,7,namesilo,,,30/09/2026 07:33
bee21fca-558a-4cf3-ace8-56226ee3419c,leadville.lawyer,available,49.88,49.88,medium,low,9,spaceship,,,02/10/2026 21:00
b436fb77-2fe0-446e-85c5-0d42342883eb,attempts.lawyer,available,62.99,62.99,medium,low,8,namesilo,,,18/09/2026 16:41
afae60fe-fc70-4069-b8f3-93ec592aeff2,burping.lawyer,available,62.99,62.99,medium,low,7,namesilo,,,23/09/2026 04:38
f39afe23-2052-439a-9cd8-54404cc3c6d9,wreck.lawyer,premium,3900,3900,high,low,5,namecheap,,,27/09/2026 05:55
66129289-666d-4adf-8e61-bd3a124ba8c9,loophole.lawyer,available,51.58,51.58,high,low,8,dynadot,,,02/10/2026 16:01
e8a96640-5688-49fc-9536-6a798fe8dfea,mujahideen.lawyer,available,48.2,48.2,medium,low,10,cloudflare,,,02/10/2026 16:09
3126b576-2689-4495-bd5b-e3a7cd22f11f,achievements.lawyer,available,62.99,62.99,medium,low,12,namesilo,,,30/09/2026 06:58
db39896d-37f0-465f-8068-158fa39178fb,twelfth.lawyer,available,,,high,low,7,,,,
6edee6ec-1b64-4f57-9a57-dbaf47995705,sulawesi.lawyer,available,49.88,49.88,medium,low,8,spaceship,,,30/09/2026 01:01
25fa0d19-daf6-41eb-a8ec-444afa825de9,principality.lawyer,available,49.88,49.88,medium,low,12,spaceship,,,28/09/2026 22:46
e88eb5da-f50f-4701-b50e-917709afb37b,horary.lawyer,available,62.99,62.99,medium,low,6,namesilo,,,21/08/2026 13:58
770d882b-e373-42b2-afbc-d94590911cdb,obadiah.lawyer,available,62.99,62.99,medium,low,7,namesilo,,,16/09/2026 14:40
e3afcb6a-7168-4dca-9120-0a7e34349892,relax.lawyer,available,62.99,62.99,high,low,5,namesilo,,,27/09/2026 06:03
6e743b29-057a-4910-855f-286d1ba820b8,uppish.lawyer,available,62.99,62.99,low,low,6,namesilo,,,09/08/2026 20:46
e7f2c58f-75f4-4585-8010-b3afbb7baa7d,actaea.lawyer,available,62.99,62.99,medium,low,6,namesilo,,,17/09/2026 04:11
c8d52bad-fbfe-4450-84dc-161de8b07366,saf.lawyer,available,62.99,62.99,high,low,3,namesilo,,,30/09/2026 12:43
4078efba-24f8-4ab5-9921-18ca953315a3,curt.lawyer,premium,242,242,medium,low,4,namesilo,,,11/08/2026 07:05
5bea9c25-aec8-406f-a1a8-16216cb4f801,uncritical.lawyer,available,62.99,62.99,medium,low,10,namesilo,,,12/09/2026 06:26
facdb32b-339d-49e7-9e51-ab8a9a61d8cc,rms.lawyer,available,62.99,62.99,high,low,3,namesilo,,,28/09/2026 04:52
9638ecd2-6d01-4a89-a76f-3c0353c88aed,scandalous.lawyer,available,62.99,62.99,medium,low,10,namesilo,,,14/08/2026 10:26
b056ef8f-36c7-4350-b428-4b3af4bee588,alep.lawyer,available,62.99,62.99,medium,low,4,namesilo,,,18/09/2026 05:14
bbf0405d-5d45-47bf-9f1c-c13c4e88e269,hutchinson.lawyer,premium,128.7,128.7,high,low,10,namecheap,,,19/09/2026 10:20
8d7c3d6a-a257-424b-9640-05c48573422c,reversed.lawyer,available,62.99,62.99,high,low,8,namesilo,,,27/09/2026 14:11
0b29613e-9c8c-40fc-85db-969210b58b4d,publicized.lawyer,available,62.99,62.99,high,low,10,namesilo,,,27/09/2026 08:05
b804aa3e-4349-4b9d-b035-5b8e6b5312af,playground.lawyer,available,62.99,62.99,high,medium,10,namesilo,,,28/09/2026 02:56
a3641442-eec0-4947-9840-63f567d28388,samuel.lawyer,premium,414.2,414.2,high,low,6,spaceship,,,28/09/2026 03:03
a6305a05-5683-44f4-9dda-1fb14ebb79d6,ely.lawyer,premium,118.8,118.8,high,low,3,namesilo,,,25/09/2026 16:10
93555284-9eee-40f1-92e5-f8ef8d1ef975,providers.lawyer,available,49.88,49.88,medium,low,9,spaceship,,,02/10/2026 23:32
884f58a1-5378-47e6-8a0e-f1d1ed126e82,colonists.lawyer,available,49.88,49.88,medium,low,9,spaceship,,,01/10/2026 16:49
2d926032-1973-4b68-9ce0-555b6293a0d8,serves.lawyer,available,62.99,62.99,medium,low,6,namesilo,,,18/09/2026 11:42
7074b11b-9fec-4dda-98fe-f5dcbe0987c7,launches.lawyer,available,62.99,62.99,medium,low,8,namesilo,,,21/09/2026 09:09
5d3e6416-c088-4087-a742-fc56b487f3ca,panicked.lawyer,available,62.99,62.99,medium,low,8,namesilo,,,05/09/2026 00:57
2217ac86-9b72-4b04-9550-26a5fed88d44,limpid.lawyer,available,62.99,62.99,high,low,6,namesilo,,,13/08/2026 09:41
53d96b64-1b86-403a-b4a2-883fe038ade3,insinuate.lawyer,available,62.99,62.99,medium,low,9,namesilo,,,22/08/2026 08:35
ab6833d0-cad9-436f-b52d-00412d221dff,analyzable.lawyer,available,62.99,62.99,medium,low,10,namesilo,,,
8f11f26a-96c8-4ac2-b202-b549d02f5892,arles.lawyer,available,65.98,66.98,medium,low,5,namecheap,,,20/09/2026 06:15
22cce8ec-13b8-4e0b-8bc1-5212a5a2a07c,poor.lawyer,available,65.98,66.98,medium,low,4,namecheap,,,24/09/2026 23:28
2dc0c1fc-e6ec-4741-8656-13828a139e50,brentwood.lawyer,premium,118.8,118.8,medium,low,9,namesilo,,,29/09/2026 10:01
353a8dc8-9877-459e-9a11-f7f0bd13a2dd,pre.lawyer,premium,118.8,118.8,high,low,3,namesilo,,,02/10/2026 02:30
bf021e13-29c7-435f-940c-9a6eb14d8985,napoleon.lawyer,available,49.88,49.88,medium,low,8,spaceship,,,28/09/2026 13:35
cde6008e-1872-43af-9bd8-526d79868659,agora.lawyer,available,65.98,66.98,high,medium,5,namecheap,,,17/09/2026 19:04
15dd3245-8564-4ebe-a6d6-a7e042280d82,rosenbaum.lawyer,available,62.99,62.99,high,low,9,namesilo,,,30/09/2026 05:15
c43d3ab6-eacf-4a20-8b0c-153d36a32411,spotless.lawyer,available,62.99,62.99,high,low,8,namesilo,,,21/08/2026 20:48
4d602e1b-2c11-4bb3-aedb-610369fc712a,les.lawyer,premium,118.8,118.8,high,low,3,namesilo,,,01/10/2026 01:13
e407fc65-37ca-4279-9bbb-50bed89c231a,seaman.lawyer,premium,128.7,128.7,medium,low,6,namecheap,,,30/09/2026 01:29
78231e12-6825-4e47-af4d-8664103ff8f5,infantile.lawyer,available,62.99,62.99,medium,low,9,namesilo,,,12/08/2026 05:04
e1950c07-05a6-42c0-aff4-ab15853491e8,aspirer.lawyer,available,62.99,62.99,medium,low,7,namesilo,,,07/08/2026 05:12
687aed72-813b-49ea-bdbe-07f0a5a2094d,chronicle.lawyer,available,62.99,62.99,high,low,9,namesilo,,,16/09/2026 23:05
672b4938-43fa-439c-b93b-6f7deea3643e,marry.lawyer,available,62.99,62.99,high,low,5,namesilo,,,13/09/2026 09:36
88f47fdd-fc81-4880-883d-a2f68afd4ab2,roch.lawyer,available,48.2,48.2,medium,low,4,cloudflare,,,02/10/2026 18:34
056d0cee-c8ea-4780-81df-2b35b7f25ece,arsonist.lawyer,available,62.99,62.99,medium,low,8,namesilo,,,22/08/2026 00:55
eb4426a9-79e1-4468-9d94-7f53a957a842,upward.lawyer,available,49.88,49.88,high,low,6,spaceship,,,28/09/2026 09:54
01d69c26-1e94-4a05-a5cf-5ce9426f021d,reptiles.lawyer,available,62.99,62.99,medium,low,8,namesilo,,,30/09/2026 14:47
ecbb9ad3-e5b5-4fd5-a491-8e1d2f08be69,illiteracy.lawyer,available,62.99,62.99,medium,low,10,namesilo,,,19/09/2026 01:54
b400d2cf-376b-4d09-bb67-d8a0a3b288fa,prelate.lawyer,available,62.99,62.99,medium,low,7,namesilo,,,20/09/2026 02:36
69ecd1ab-bc15-4f50-a52b-fdf233ac95c1,jamieson.lawyer,available,51.58,51.58,high,low,8,dynadot,,,29/09/2026 22:21
4e367922-4e43-48d1-a979-26d28ff2bdd8,courteous.lawyer,available,62.99,62.99,high,low,9,namesilo,,,24/09/2026 00:40
259c61f0-d9b3-493a-b5a1-9a7bbf2f93c8,tobin.lawyer,available,65.98,66.98,high,low,5,namecheap,,,28/09/2026 06:04
f56e8290-5105-4280-a06f-c654f4cf438c,indulgence.lawyer,available,62.99,62.99,high,low,10,namesilo,,,05/09/2026 00:24
1eda5c68-2d8a-45fd-a4cc-0bb09e88e381,additional.lawyer,available,62.99,62.99,high,low,10,namesilo,,,21/09/2026 17:14
a39526bd-fc15-4ccb-9457-3b4d49cfe966,bacterium.lawyer,available,62.99,62.99,medium,low,9,namesilo,,,21/09/2026 16:30
7f2d7b0b-34bb-4186-a6e5-48c80c244d49,death.lawyer,premium,4140,4140,high,low,5,namesilo,,,24/09/2026 12:39
81ea17c9-490e-4091-b6bf-8f4ca218c74b,bereaved.lawyer,available,62.99,62.99,low,low,8,namesilo,,,09/08/2026 15:03
11ffa2ff-3c42-4471-9246-26a13810c288,previously.lawyer,available,65.98,66.98,medium,low,10,namecheap,,,28/09/2026 12:13
90e4a4fc-4104-43f3-8e9b-be1e25afe428,boise.lawyer,premium,414.2,414.2,high,low,5,spaceship,,,30/09/2026 16:28
b04ac748-d4e5-4f5a-85c6-c996b86be120,diffident.lawyer,available,62.99,62.99,medium,low,9,namesilo,,,14/08/2026 07:01
d8c88d39-a6d9-4164-a9a3-8288804c475d,whats.lawyer,available,62.99,62.99,medium,low,5,namesilo,,,20/09/2026 02:25
7651ef4e-bb96-487f-be37-47d3fab9ba6a,midi.lawyer,available,62.99,62.99,high,low,4,namesilo,,,24/08/2026 22:34
ecbf7e08-db7d-471d-9fcd-4e581d424d64,donny.lawyer,premium,260,260,high,low,5,namecheap,,,30/09/2026 20:44
d0f6450c-1452-4370-a899-e3c4597f387a,archean.lawyer,available,62.99,62.99,medium,low,7,namesilo,,,06/08/2026 15:05
2682afbd-6ad7-4867-8d80-dfb273878316,juror.lawyer,available,49.95,49.95,high,low,5,porkbun,,,01/10/2026 20:11
37e49976-038c-44df-a2d9-c37b41d68c57,guarded.lawyer,available,65.98,66.98,high,low,7,namecheap,,,20/08/2026 20:41
14e404d9-23c3-4444-9965-cb7120e14c2d,tank.lawyer,available,62.99,62.99,high,low,4,namesilo,,,20/09/2026 07:27
1e815dd9-d13b-4721-9f5e-16114fc972c8,distributing.lawyer,available,65.98,66.98,medium,low,12,namecheap,,,01/10/2026 15:49
4cf1719d-d69a-4271-8681-4b31e0598d80,rok.lawyer,available,62.99,62.99,high,low,3,namesilo,,,29/09/2026 08:31
56780c3b-6429-4d92-82a5-5e51e5b24061,ctc.lawyer,available,62.99,62.99,high,low,3,namesilo,,,01/10/2026 01:36
55a7e108-085d-4ddf-94d2-c0af06897b80,silla.lawyer,available,49.88,49.88,medium,low,5,spaceship,,,30/09/2026 21:36
ec01fd5e-c9b4-4bf5-bcf8-4d77dcc53c70,ryan.lawyer,premium,512,512,high,medium,4,namesilo,,,17/09/2026 00:32
a791b648-207a-4a21-9bc8-271d7fa9feae,sakhalin.lawyer,available,48.2,48.2,medium,low,8,cloudflare,,,30/09/2026 21:09
3a4b850f-4493-4af7-9428-1de85fd6a7f4,forsyth.lawyer,available,48.2,48.2,high,low,7,cloudflare,,,27/09/2026 21:08
4713d6c6-8450-41f4-a68f-aad71d4e5d6c,lipstick.lawyer,available,49.95,49.95,high,low,8,porkbun,,,02/10/2026 05:27
656a4784-7182-4f9d-bd8d-f2a8d9ba20df,freelance.lawyer,premium,3450,3450,high,low,9,namesilo,,,02/10/2026 11:04
36b47037-b457-4082-9533-219e06076ff8,fishes.lawyer,available,62.99,62.99,medium,low,6,namesilo,,,17/09/2026 06:49
0cdc5eec-66cd-4a07-9873-09f3e478dbfb,shiner.lawyer,available,62.99,62.99,medium,low,6,namesilo,,,24/09/2026 00:40
bd918e97-e71a-44e0-8cad-4a4483ff54f6,fountains.lawyer,available,48.2,48.2,medium,low,9,cloudflare,,,30/09/2026 15:34
a9e16ff6-4ef1-49d4-81ae-157d838f76fb,came.lawyer,available,48.2,48.2,high,low,4,cloudflare,,,30/09/2026 22:36
81a5cdeb-a6df-436c-a54c-3c0121cf0f9f,verbalize.lawyer,available,62.99,62.99,medium,low,9,namesilo,,,13/09/2026 00:14
23223248-707c-467e-b316-a15c0c65a8f0,racers.lawyer,available,49.88,49.88,medium,low,6,spaceship,,,01/10/2026 18:02
693a5bc2-9509-4a87-bde5-9e25321c1970,everest.lawyer,available,49.88,49.88,high,low,7,spaceship,,,01/10/2026 01:59
85214e49-c070-44aa-b4a3-4073022c48bd,finicky.lawyer,available,62.99,62.99,medium,low,7,namesilo,,,18/08/2026 04:58
15d86a77-a264-460e-a357-a16b9cb0546e,guildford.lawyer,available,49.88,49.88,medium,low,9,spaceship,,,29/09/2026 15:26
e309fa18-c89d-4aee-ae5e-22693584496b,roses.lawyer,available,65.98,66.98,high,low,5,namecheap,,,17/09/2026 21:17
149609bf-784b-4ce8-9f82-987ae62e6353,cannily.lawyer,available,62.99,62.99,medium,low,7,namesilo,,,14/09/2026 05:10
bca86519-ef8a-4093-a183-b72c8cc05856,eustace.lawyer,available,48.2,48.2,medium,low,7,cloudflare,,,29/09/2026 15:27
5a6ab407-2a78-43d2-ae2b-2a54e64cea00,perfective.lawyer,available,62.99,62.99,high,low,10,namesilo,,,08/09/2026 16:27
bdaebafb-f214-4db8-bcf3-19210944d6a4,demanding.lawyer,available,62.99,62.99,medium,low,9,namesilo,,,14/08/2026 01:06
d7938a66-82fa-4923-b0af-91b2c3f91caf,healing.lawyer,available,65.98,66.98,high,low,7,namecheap,,,24/09/2026 23:36
cce451eb-b9dd-4e69-b4f9-ff7a451ee7d4,pedant.lawyer,available,62.99,62.99,medium,low,6,namesilo,,,09/09/2026 23:15
0a580986-62ea-43e8-982a-cde42e5ea22e,surveys.lawyer,available,62.99,62.99,medium,low,7,namesilo,,,17/09/2026 07:59
ddf3e7e7-0823-425c-9c36-87ab9396052d,hypothetical.lawyer,available,62.99,62.99,medium,low,12,namesilo,,,29/09/2026 02:54
c7ad0104-7665-4d36-a955-13fbbd008f19,spilled.lawyer,available,62.99,62.99,low,low,7,namesilo,,,28/09/2026 23:49
f52f7293-c8b6-40c7-a3c4-4aa96b910d6b,syntactic.lawyer,available,62.99,62.99,medium,low,9,namesilo,,,11/09/2026 06:39
3fb8dbec-8b2c-4b8d-b901-4df7294c3607,waist.lawyer,available,51.58,51.58,high,low,5,dynadot,,,28/09/2026 06:51
ccaa2c94-513b-42b7-9a5d-85e3e5ddc30f,organization.lawyer,premium,3105.2,3105.2,high,low,12,spaceship,,,02/10/2026 23:35
b130d541-3221-45c4-b176-e2b68a00e2bf,beaker.lawyer,available,62.99,62.99,high,low,6,namesilo,,,22/09/2026 19:45
96aa77b5-6325-48d6-8391-94381a3f11ce,unwise.lawyer,available,62.99,62.99,medium,low,6,namesilo,,,12/09/2026 22:42
09fa8d8d-1392-4d05-be0a-ece7cabdba12,kirwan.lawyer,available,49.88,49.88,medium,low,6,spaceship,,,02/10/2026 02:04
8d5842fa-a799-4477-86bb-d12b0b6a0f41,grotty.lawyer,available,65.98,66.98,medium,low,6,namecheap,,,20/08/2026 20:20
7c6d0beb-97e7-4ef7-b169-2aaa87327780,furs.lawyer,available,62.99,62.99,medium,low,4,namesilo,,,30/09/2026 23:22
37f0faa8-aadb-4272-a208-7de524852ce4,uncured.lawyer,available,62.99,62.99,medium,low,7,namesilo,,,12/09/2026 06:39
42ea9893-b3f5-46dd-b019-86685f32d980,ayin.lawyer,available,62.99,62.99,high,low,4,namesilo,,,21/09/2026 10:38
7d07f7d9-7cb2-4584-b6e1-e425aaccda5a,pertinence.lawyer,available,62.99,62.99,medium,low,10,namesilo,,,19/09/2026 21:52
b5c0f8f9-6ca2-4b7d-b96f-98dbf8f007e3,publicity.lawyer,available,49.88,49.88,high,low,9,spaceship,,,30/09/2026 07:43
734b838c-db9f-4038-844e-a7c5f40edc00,strait.lawyer,available,62.99,62.99,medium,low,6,namesilo,,,10/09/2026 21:53
34cc0998-a66b-4f28-a2ee-69683b183a26,conceivable.lawyer,available,62.99,62.99,high,low,11,namesilo,,,02/10/2026 02:06
9d0d5510-5035-4704-9eb9-dc13161ff574,drowsy.lawyer,available,65.98,66.98,medium,low,6,namecheap,,,14/08/2026 18:05
7217b7f7-51e1-4ba1-b1e0-eae9d56962fb,inshore.lawyer,available,62.99,62.99,medium,low,7,namesilo,,,22/08/2026 06:53
3d959d67-08af-44e7-abf7-eefcc5268c5e,evaluations.lawyer,available,49.88,49.88,medium,low,11,spaceship,,,02/10/2026 14:20
36b4fdf0-926e-484e-88bf-5b9e71328f2b,elm.lawyer,premium,102.67,102.67,high,low,3,spaceship,,,30/09/2026 09:31
e634510e-d382-4d25-ac85-18b1fd6443a8,advantageous.lawyer,available,51.58,51.58,high,low,12,dynadot,,,02/10/2026 17:31
6e2e2b6c-dab4-4963-b56e-3d3c887b5501,manifestation.lawyer,available,49.88,49.88,high,low,13,spaceship,,,29/09/2026 22:53
7b89ba7b-95aa-452b-947a-4527c32bea0c,granddad.lawyer,available,65.98,66.98,high,low,8,namecheap,,,29/09/2026 21:09
6ba14ffc-c14e-4d55-af7a-137806d626a4,champagne.lawyer,available,65.98,66.98,high,low,9,namecheap,,,23/09/2026 10:06
cf7321cd-bcf6-487c-88e6-57d46196a7df,stench.lawyer,available,62.99,62.99,medium,low,6,namesilo,,,02/10/2026 04:49
13bd3eb7-8051-4fcf-a594-91bfb36252a3,noetic.lawyer,available,62.99,62.99,high,low,6,namesilo,,,22/08/2026 07:52
c240bd13-93b1-426c-8dca-ac72ddd46d5b,reckoning.lawyer,available,49.88,49.88,high,low,9,spaceship,,,30/09/2026 16:48
3c7dcaa6-6f75-4797-90d5-118f00ed1518,allotropic.lawyer,available,62.99,62.99,medium,low,10,namesilo,,,
6f89c2b5-fbc7-456f-8c70-40f199b5fcd5,bhp.lawyer,available,62.99,62.99,high,low,3,namesilo,,,29/09/2026 21:45
6be334e3-909f-415a-a3ba-58a911168cf5,hungarian.lawyer,premium,3750,3750,high,low,9,name.com,,,21/08/2026 15:39
4c1b9c76-77e0-4aa7-95dc-a91dad1ad0a1,armeria.lawyer,available,62.99,62.99,medium,low,7,namesilo,,,20/09/2026 06:43
41b89836-de25-4255-8f11-590031405b78,mohave.lawyer,available,49.88,49.88,high,low,6,spaceship,,,01/10/2026 03:01
cf0eca62-03a5-4700-9655-990f403ee11f,kiev.lawyer,available,62.99,62.99,high,low,4,namesilo,,,29/09/2026 07:09
b04df73e-7abd-4278-a22c-4aa0035153b6,invading.lawyer,available,62.99,62.99,medium,low,8,namesilo,,,22/08/2026 02:12
d610457c-1e51-4bc4-8f42-20c1fd82dc02,unlit.lawyer,available,62.99,62.99,medium,low,5,namesilo,,,12/09/2026 13:03
6fcedc98-0f31-4403-9406-ce8a995bc5fa,boomer.lawyer,available,65.98,66.98,high,low,6,namecheap,,,21/09/2026 13:18
cc707066-df1f-4124-aa56-04b858e3af0c,vermont.lawyer,premium,,,high,low,7,,,,28/09/2026 09:57
8f075bd2-9ed2-4e97-93cc-acdd47844474,villainous.lawyer,available,62.99,62.99,medium,low,10,namesilo,,,03/09/2026 14:59
dbe47338-ff1c-4e41-a923-e3442336b6fc,reservedly.lawyer,available,62.99,62.99,medium,low,10,namesilo,,,15/09/2026 23:22
321a4008-4f46-4d4e-815b-134093ec9f6f,crone.lawyer,available,62.99,62.99,medium,low,5,namesilo,,,23/09/2026 04:47
9bb58d25-7533-472c-821b-87449797908d,proverbs.lawyer,available,65.98,66.98,high,low,8,namecheap,,,24/09/2026 07:04
dbd3ca0f-f1d4-4f93-aaab-daf366ac9f3a,whole.lawyer,available,62.99,62.99,high,low,5,namesilo,,,22/09/2026 00:29
cb7cfcbd-099e-4bb9-8466-b305381d4bfe,chung.lawyer,premium,414.2,414.2,medium,low,5,spaceship,,,28/09/2026 16:45
c10b6ede-9b07-4b99-9b2e-0d2a6318d9e9,cheltenham.lawyer,available,49.88,49.88,medium,low,10,spaceship,,,28/09/2026 12:18
d290930e-2f61-4895-a1f9-058ad41c81ba,slc.lawyer,premium,440,440,high,low,3,dynadot,,,30/09/2026 20:32
5039a90c-2d1f-4e7f-9850-8720d45af4e7,uninterrupted.lawyer,available,49.88,49.88,medium,low,13,spaceship,,,01/10/2026 06:00
a295d3fa-310d-44da-86cc-e8db4d056882,wafers.lawyer,available,62.99,62.99,medium,low,6,namesilo,,,20/09/2026 21:54
9a6065d5-d236-4a0a-9e38-2a39370fb7e0,manipulated.lawyer,available,62.99,62.99,medium,low,11,namesilo,,,29/09/2026 16:09
4412eadc-8592-4f35-8afb-8c88dd8139e6,sickish.lawyer,available,62.99,62.99,low,low,7,namesilo,,,03/09/2026 14:05
c2d1ffd2-83ae-4407-bcaf-08bb0a204038,import.lawyer,premium,3900,3900,high,low,6,namecheap,,,25/09/2026 18:33
d7b77205-0e0d-458e-be59-dc0f2876dc74,helicopters.lawyer,available,65.98,66.98,low,low,11,namecheap,,,28/09/2026 18:00
46fdac1e-1053-4b38-b19d-d9ab43e3ee13,throwback.lawyer,available,62.99,62.99,high,low,9,namesilo,,,11/09/2026 15:00
dd40299e-d1cc-4303-9fb4-fd15814d2cc0,eiffel.lawyer,available,62.99,62.99,medium,low,6,namesilo,,,18/09/2026 05:59
032e1efe-a762-4297-ac73-b3323e9d4b91,answerable.lawyer,available,62.99,62.99,high,low,10,namesilo,,,22/09/2026 05:32
d220d00e-c0e7-4da7-8ff7-6d30645514bb,hammering.lawyer,available,48.2,48.2,high,low,9,cloudflare,,,01/10/2026 02:23
17d2b5c8-a077-42cc-8d89-2815a8fed0d6,incidence.lawyer,available,62.99,62.99,high,low,9,namesilo,,,29/09/2026 23:46
a25fa3d5-238d-44ab-a967-36f0fc1f007d,atresia.lawyer,available,62.99,62.99,medium,low,7,namesilo,,,21/09/2026 00:42
fdea689e-877d-45d5-99c8-bdc46b77738c,cetaceous.lawyer,available,62.99,62.99,medium,low,9,namesilo,,,12/08/2026 01:04
5bec3c8b-a684-47e5-8e21-9803b682d651,juarez.lawyer,premium,,,medium,low,6,,,,29/09/2026 18:22
85270054-e11b-4f37-b678-bd37443140b3,toaster.lawyer,available,62.99,62.99,high,low,7,namesilo,,,01/10/2026 21:56
f5009fb9-92e9-4154-a376-7b2551dcf77d,carpets.lawyer,available,49.88,49.88,medium,low,7,spaceship,,,01/10/2026 00:43
82dcfadb-d87e-4a68-b60a-6f33e6d01d5e,iberian.lawyer,available,62.99,62.99,high,low,7,namesilo,,,21/08/2026 17:32
2bdb3537-c8f0-4938-aad5-245196c7db75,carmelite.lawyer,available,65.98,66.98,medium,low,9,namecheap,,,11/08/2026 19:22
3924282c-e291-45f9-98c6-be8112db7581,transitional.lawyer,available,49.95,49.95,high,low,12,porkbun,,,30/09/2026 23:21
fb44ce18-8fb7-47a3-b334-8e3fb023fed6,chemic.lawyer,available,62.99,62.99,medium,low,6,namesilo,,,12/08/2026 04:12
6676fa99-b7ec-4e60-bc38-cb515ae3387f,ruinous.lawyer,available,62.99,62.99,medium,low,7,namesilo,,,10/08/2026 13:28
5afcc18b-0c64-46d3-9857-7dac66f63625,talks.lawyer,available,49.88,49.88,high,low,5,spaceship,,,30/09/2026 05:32
c51e437f-debe-43f1-a493-42c883978d9b,doves.lawyer,available,48.2,48.2,low,low,5,cloudflare,,,02/10/2026 21:34
1623b88e-9d3e-4743-b41a-0c87fdd0ee9f,turmoil.lawyer,available,48.2,48.2,high,low,7,cloudflare,,,29/09/2026 19:12
00dc11ef-ebdf-4e61-ae27-c5f5f799bd18,plated.lawyer,available,62.99,62.99,high,low,6,namesilo,,,17/09/2026 05:15
a886c3f9-7f1f-4cbd-8d1a-110b2d8a812c,funerals.lawyer,available,49.88,49.88,medium,low,8,spaceship,,,29/09/2026 17:32
b87b9758-34e9-468b-b4fd-7324e091beb0,galactic.lawyer,available,65.98,66.98,high,low,8,namecheap,,,18/08/2026 19:35
a18cb8d3-5eb9-4345-991d-06df5b49b37f,python.lawyer,available,62.99,62.99,high,low,6,namesilo,,,29/09/2026 13:44
1b5bbd48-e376-4cdc-93f6-1ead9a24a22a,apnea.lawyer,available,65.98,66.98,medium,low,5,namecheap,,,19/09/2026 18:04
81a06fed-8b8e-418c-a4de-1def6d7e70b0,suharto.lawyer,available,48.2,48.2,high,low,7,cloudflare,,,01/10/2026 03:56
b09a0653-101c-4eb9-b124-437c4232752c,kenilworth.lawyer,available,49.88,49.88,medium,low,10,spaceship,,,01/10/2026 11:13
2689e98c-a37a-4124-9ff1-bea4934df57e,concerto.lawyer,available,48.2,48.2,high,low,8,cloudflare,,,02/10/2026 14:44
896d9f50-114a-4528-965a-398f21b63d09,excursion.lawyer,available,48.2,48.2,high,low,9,cloudflare,,,29/09/2026 18:22
4728d9b6-18ee-4044-aed0-f363278852fb,amhara.lawyer,available,65.98,66.98,high,low,6,namecheap,,,18/09/2026 21:12
2d278055-b756-4b61-b693-417158bfa9f9,albion.lawyer,available,65.98,66.98,high,low,6,namecheap,,,18/09/2026 02:58
707809cc-22b0-4cb0-a302-78df2a6def95,filters.lawyer,available,49.88,49.88,medium,low,7,spaceship,,,30/09/2026 15:03
2004b1be-d53f-4ff4-803a-c7dd8fba6eb6,glasgow.lawyer,premium,54.36,108.6,high,low,7,porkbun,,,29/09/2026 12:50
0c7dedcb-974e-4c60-9360-e4bb66293e1a,cet.lawyer,available,49.88,49.88,medium,low,3,spaceship,,,30/09/2026 13:12
ddf378ad-bfbc-4219-ac55-5d2719ba1f81,fracas.lawyer,available,62.99,62.99,medium,low,6,namesilo,,,17/09/2026 14:44
a02c5685-1d49-4555-a648-ffb206ab15f2,serbs.lawyer,available,62.99,62.99,medium,low,5,namesilo,,,20/09/2026 12:11
21996572-d51c-4b82-bc2d-56a91ee252b6,iain.lawyer,available,48.2,48.2,medium,low,4,cloudflare,,,29/09/2026 15:22
9d232725-bc68-4df6-9849-6c5ace7334d1,lissom.lawyer,available,62.99,62.99,medium,low,6,namesilo,,,23/08/2026 23:41
16048e7d-6137-47e7-8b63-ffcad2adccdf,pager.lawyer,available,62.99,62.99,high,low,5,namesilo,,,23/09/2026 01:32
561a0fb4-d03d-4ec4-8c50-b0fd219c3468,lithe.lawyer,available,48.2,48.2,high,low,5,cloudflare,,,02/10/2026 11:27
f28ecec0-0ce2-4043-8ffb-ec95b2ac5092,terry.lawyer,premium,54.36,108.6,high,low,5,porkbun,,,29/09/2026 18:32
823898bf-ad2e-4d10-a68b-9920a0c1d178,thirsty.lawyer,available,48.2,48.2,high,low,7,cloudflare,,,28/09/2026 09:14
10d4b7c2-1c2e-4008-be8b-fd461130773f,susanna.lawyer,available,48.2,48.2,high,low,7,cloudflare,,,28/09/2026 01:02
14b3acd4-38ca-451e-8860-5f9e539b514c,kicked.lawyer,available,65.98,66.98,medium,low,6,namecheap,,,25/09/2026 19:40
0becc333-4b25-4ef7-a530-9e8de4838176,tooth.lawyer,available,65.98,66.98,high,low,5,namecheap,,,19/09/2026 18:20
3059597f-058a-40c3-ad87-67601cf6320c,ronan.lawyer,available,49.88,49.88,high,low,5,spaceship,,,30/09/2026 13:22
60723835-93c1-4439-a379-8f85d0c48060,tuesdays.lawyer,available,49.88,49.88,high,low,8,spaceship,,,02/10/2026 16:20
3cf67fba-2763-45f9-93f4-e24cd21497ee,whitten.lawyer,available,48.2,48.2,medium,low,7,cloudflare,,,30/09/2026 04:15
13b4ca12-fec4-4192-a094-20da9e042e95,spontaneously.lawyer,available,49.88,49.88,medium,low,13,spaceship,,,30/09/2026 11:58
0910dd0a-aec5-4f46-86dc-cacc480c258d,sutherland.lawyer,premium,128.7,128.7,medium,low,10,namecheap,,,25/09/2026 04:37
013b3eb5-7ec4-4652-a170-b7d145a8723b,juniata.lawyer,available,49.95,49.95,medium,low,7,porkbun,,,02/10/2026 21:00
4f5c27f2-aab4-46d1-b6a6-39ead7728395,malayalam.lawyer,available,48.2,48.2,high,low,9,cloudflare,,,30/09/2026 17:57
a464300e-dc32-4bb1-bfba-11d0cfeed78b,attainable.lawyer,available,62.99,62.99,high,low,10,namesilo,,,19/09/2026 04:15
73294852-c73a-405e-8cf1-4119c5d578d1,tremendous.lawyer,available,62.99,62.99,high,low,10,namesilo,,,17/08/2026 09:48
0a32c3d2-f410-41d7-ab50-d0e985c91e86,untouched.lawyer,available,62.99,62.99,high,low,9,namesilo,,,12/09/2026 13:20
51719fcc-206b-4a72-ac6e-42e34875f056,magyar.lawyer,available,62.99,62.99,high,low,6,namesilo,,,21/08/2026 15:41
117329ce-cd1a-4a55-b8f6-94d07dc033ef,surgically.lawyer,available,62.99,62.99,medium,low,10,namesilo,,,16/09/2026 07:41
65049e12-1f4d-4efb-8ec5-691a8dab9dd6,informative.lawyer,available,49.88,49.88,high,low,11,spaceship,,,01/10/2026 21:44
8d8e3bd3-4a13-4626-954f-e0e72cf386a5,vicenary.lawyer,available,62.99,62.99,medium,low,8,namesilo,,,13/09/2026 05:21
ad94e1a8-473e-45ce-8c12-bed379b651ab,arthurian.lawyer,available,62.99,62.99,medium,low,9,namesilo,,,06/08/2026 23:21
a20eeb87-59c9-4b19-93a2-aaac0a52806f,fireman.lawyer,available,62.99,62.99,high,low,7,namesilo,,,29/09/2026 06:56
f50a13f8-5977-40eb-9c58-f5c058a00e31,debates.lawyer,available,62.99,62.99,medium,low,7,namesilo,,,02/10/2026 02:29
9865278e-e5b7-4397-9f49-dd69527d13fe,review.lawyer,premium,1100,1100,high,medium,6,dynadot,,,29/09/2026 04:52
7e9abb2f-1f53-4fcc-9aa7-d74a9138d261,topeka.lawyer,premium,512,512,high,low,6,namesilo,,,02/10/2026 04:15
b36c26a2-cc5f-4eac-8e97-a7c9866c6cd1,horse.lawyer,available,49.88,49.88,high,low,5,spaceship,,,01/10/2026 18:22
832ad869-d029-4d1d-93a3-f11ddedda9a3,clutter.lawyer,available,48.2,48.2,medium,low,7,cloudflare,,,01/10/2026 18:58
11532b23-8f94-4070-a63b-290feff1107e,braky.lawyer,available,62.99,62.99,low,low,5,namesilo,,,11/08/2026 01:57
cb5adf2e-e0cb-49f1-bfd3-ac86fec83cfb,poached.lawyer,available,62.99,62.99,medium,low,7,namesilo,,,10/08/2026 17:34
33e5bdfe-9591-4be8-be5b-a5f16ee8f298,adler.lawyer,available,62.99,62.99,high,low,5,namesilo,,,25/09/2026 13:44
e9e5f83d-2a99-4d27-b0ef-23fae9f01782,lakewood.lawyer,premium,102.67,102.67,medium,low,8,spaceship,,,28/09/2026 16:53
553e0521-a50c-4e21-8b23-95d262241c03,ran.lawyer,available,65.98,66.98,high,low,3,namecheap,,,25/09/2026 12:35
1980ee19-8bbe-4da6-9775-b497f2ab1965,unopen.lawyer,available,62.99,62.99,medium,low,6,namesilo,,,10/09/2026 07:06
f7859c01-821e-47a0-a451-5c07b694c84b,trips.lawyer,premium,242,242,medium,low,5,namesilo,,,27/09/2026 22:50
798011d1-9835-4fc2-acd1-ccdddc2faa55,melee.lawyer,available,62.99,62.99,high,low,5,namesilo,,,22/09/2026 16:23
31f3e9ee-860e-4607-9d3f-b14f73e5dba2,wasted.lawyer,available,62.99,62.99,medium,low,6,namesilo,,,22/09/2026 11:10
75f7b62d-5e53-46b8-a598-c7467e039da3,malar.lawyer,available,62.99,62.99,medium,low,5,namesilo,,,13/09/2026 15:43
25dc45ce-076f-418f-bec5-6eb8aa791686,akan.lawyer,available,62.99,62.99,high,low,4,namesilo,,,17/09/2026 23:50
74970a3d-413a-4e6e-9c6e-17a4744b053c,robin.lawyer,premium,854,854,high,low,5,namesilo,,,28/09/2026 21:00
3c8e56aa-cff1-454b-a56d-d38d001a159a,pitcher.lawyer,available,49.88,49.88,medium,low,7,spaceship,,,28/09/2026 09:43
caabb15a-e9bd-4e8b-8859-e72c89bf1a53,kastler.lawyer,available,65.98,66.98,medium,low,7,namecheap,,,18/09/2026 06:34
6fd4193f-32ab-490b-8dae-0df2e94ab286,potent.lawyer,available,62.99,62.99,high,low,6,namesilo,,,09/09/2026 00:48
ad007c4b-7892-4e81-b650-bbf10fb96075,unusual.lawyer,available,51.58,51.58,high,low,7,dynadot,,,28/09/2026 01:29
7ec0b8cb-4518-4f0d-81dd-6bfe5b15a8b5,inflamed.lawyer,available,62.99,62.99,medium,low,8,namesilo,,,22/08/2026 04:27
cfa1d10d-b227-4089-b5c2-36d287312b02,muscle.lawyer,available,62.99,62.99,high,low,6,namesilo,,,24/09/2026 08:22
466b75cc-e4da-4961-acfa-41628ebef6a1,european.lawyer,premium,4140,4140,high,low,8,namesilo,,,24/09/2026 15:26
71a7904b-acce-48e9-bce3-a2b150e8a7e2,steadied.lawyer,available,65.98,66.98,medium,low,8,namecheap,,,10/09/2026 19:30
7d1ea4aa-7343-40ab-9ca3-f29e18c98504,astrogator.lawyer,available,62.99,62.99,medium,low,10,namesilo,,,20/09/2026 17:41
342d1bef-be8e-4eaf-95ea-61d600468584,conducive.lawyer,available,65.98,66.98,high,low,9,namecheap,,,12/08/2026 20:30
a367b3fe-fd07-4cf2-82ce-b54ae7eae98a,darlene.lawyer,premium,207.2,207.2,high,low,7,spaceship,,,30/09/2026 21:02
721acef5-7688-4766-8416-f52030a6abab,bicker.lawyer,available,62.99,62.99,medium,low,6,namesilo,,,23/09/2026 13:12
39be5ef7-e23b-47d8-b41e-009a65a3afcd,sunrise.lawyer,premium,118.8,118.8,high,low,7,namesilo,,,28/09/2026 01:57
20e9bb53-49c0-4d2c-9403-d98744ec5034,mindless.lawyer,available,62.99,62.99,medium,low,8,namesilo,,,07/08/2026 02:48
797ecca3-0d80-42a8-9245-ac7ebd4c1fee,whisper.lawyer,available,62.99,62.99,high,low,7,namesilo,,,13/09/2026 11:38
d0f6d848-c1fa-46ab-b340-5c8473af696b,spirited.lawyer,available,65.98,66.98,high,low,8,namecheap,,,27/09/2026 03:25
22c0c5d3-f23a-4289-ae5c-0db8a3db1817,acherontic.lawyer,available,62.99,62.99,medium,low,10,namesilo,,,
fb4f2b46-9e38-4647-8996-1705d80ee7c9,unparalleled.lawyer,available,49.88,49.88,high,low,12,spaceship,,,02/10/2026 07:22
a1fbbd38-e7ab-4ada-8d3b-676ef767e991,goals.lawyer,available,49.95,49.95,high,low,5,porkbun,,,28/09/2026 07:10
f5d1759c-c8d1-4b3f-bbbd-f1b1f80b4a99,vessels.lawyer,available,62.99,62.99,medium,low,7,namesilo,,,28/09/2026 22:44
63e8fb24-695d-41ee-aecb-788559fb0b94,kooky.lawyer,available,65.98,66.98,medium,low,5,namecheap,,,06/08/2026 21:04
7c8f89c4-bc1e-423c-bc39-2ba87bb6cb7e,blackburn.lawyer,premium,118.8,118.8,high,low,9,namesilo,,,24/09/2026 02:11
6c76816e-9eb9-44e5-9c55-6c728de53599,cupid.lawyer,available,62.99,62.99,high,low,5,namesilo,,,18/09/2026 22:35
a7eac972-2b35-44a2-aadd-5b692aeb1ceb,unifying.lawyer,available,62.99,62.99,high,low,8,namesilo,,,12/08/2026 22:44
e4eb090e-9fdc-4e4c-b9cd-5abf808c02a7,morrison.lawyer,premium,118.8,118.8,high,low,8,namesilo,,,25/09/2026 04:14
e67eeb55-c43d-436b-911b-227e3bd06659,tangibly.lawyer,available,62.99,62.99,medium,low,8,namesilo,,,16/09/2026 07:54
ddde38e1-1371-4a0e-82b8-a4226d77eff7,allied.lawyer,available,65.98,66.98,high,low,6,namecheap,,,22/09/2026 01:28
70dd6398-ac3e-4d7a-8d9f-f435008a5058,yuman.lawyer,available,62.99,62.99,medium,low,5,namesilo,,,13/09/2026 14:54
b6dbade9-6ce5-4047-86e1-24ada2fa636f,gop.lawyer,premium,128.7,128.7,high,low,3,namecheap,,,28/09/2026 09:54
2fb116e0-a89d-4e76-9ef7-31e99904478a,hose.lawyer,available,49.88,49.88,medium,low,4,spaceship,,,28/09/2026 14:27
9405e7a0-d898-4062-8af9-490862b38568,wizards.lawyer,available,62.99,62.99,high,low,7,namesilo,,,02/10/2026 03:40
5512cb88-edcd-4444-aeff-2daf18654260,verpa.lawyer,available,69.99,81.99,medium,low,5,name.com,,,23/09/2026 05:34
6f1b12e4-b5a0-41ee-8d35-ab40a5512bf7,aya.lawyer,premium,54.36,108.6,high,low,3,porkbun,,,03/10/2026 03:12
fdbabfeb-06c9-4178-896b-0b66b7808356,beatrix.lawyer,available,49.88,49.88,medium,low,7,spaceship,,,30/09/2026 21:15
ff13f77a-30e3-4c43-b4fd-93e7d4117968,solace.lawyer,available,107.99,107.99,high,low,6,godaddy,,,01/10/2026 01:31
c461569d-cc00-4a89-9f44-b698d93a6b48,suez.lawyer,available,49.88,49.88,medium,low,4,spaceship,,,02/10/2026 16:52
9e24715a-10ee-4bce-90cd-d31034ad197e,acm.lawyer,available,62.99,62.99,high,low,3,namesilo,,,28/09/2026 03:40
f7c496f8-5e06-4e11-aab1-5f3a63421181,mild.lawyer,available,62.99,62.99,high,low,4,namesilo,,,25/09/2026 18:55
29af1ef3-8d19-4b08-a727-f4218d84eb53,hub.lawyer,premium,118.8,118.8,high,medium,3,namesilo,,,29/09/2026 23:12
c1079bd1-dfdd-46cb-891d-1337c2033b2a,bridal.lawyer,available,62.99,62.99,high,low,6,namesilo,,,11/08/2026 03:53
e6a2cb6c-5f09-49aa-88dc-549687921553,recife.lawyer,premium,520,520,high,low,6,namecheap,,,01/10/2026 21:15
4911d91b-e046-4e89-841f-153cdb1071eb,rapidly.lawyer,available,65.98,66.98,high,low,7,namecheap,,,13/09/2026 20:17
123f793d-4b4b-43ba-a1f0-9aa3536a6498,grump.lawyer,available,62.99,62.99,medium,low,5,namesilo,,,13/08/2026 04:58
a0a9fa9f-7e56-4bd1-b4dd-90dd9a800a7e,rulers.lawyer,available,62.99,62.99,medium,low,6,namesilo,,,02/10/2026 02:55
9e89ee23-4db1-40f6-9a23-31c4ff16dc78,carnage.lawyer,available,49.88,49.88,medium,low,7,spaceship,,,02/10/2026 04:17
504de361-9902-4c2e-aee4-d32cc12dccec,barrel.lawyer,available,65.98,66.98,high,low,6,namecheap,,,22/09/2026 08:08
a7c9a691-02f5-4358-a2d0-e0987ade30bd,discovering.lawyer,available,51.58,51.58,medium,low,11,dynadot,,,29/09/2026 10:28
c627d96f-3859-4d0e-9366-9037c182c433,cheering.lawyer,available,62.99,62.99,high,low,8,namesilo,,,12/08/2026 03:45
d7965d48-f3a0-4332-9b8c-07b99b1b9e73,trio.lawyer,available,65.98,66.98,high,low,4,namecheap,,,21/09/2026 13:05
5af38f94-5d2e-41b1-b9df-231293ab03d6,varieties.lawyer,available,62.99,62.99,medium,low,9,namesilo,,,01/10/2026 14:20
5e41e375-3a38-438f-acfa-ba78ecc502b3,underground.lawyer,available,62.99,62.99,high,low,11,namesilo,,,26/09/2026 00:51
09baecc1-a357-46cf-9da6-1710d8e9852d,amain.lawyer,available,65.98,66.98,medium,low,5,namecheap,,,13/09/2026 19:25
10276744-d119-44ff-9d16-64eceee957f6,fourier.lawyer,available,62.99,62.99,medium,low,7,namesilo,,,22/09/2026 07:13
7ec8740e-30c4-435e-8dc1-52442bcf2164,wollaston.lawyer,available,62.99,62.99,medium,low,9,namesilo,,,02/10/2026 17:10
01264c48-2a60-4481-a553-1298f6703821,fedex.lawyer,available,49.88,49.88,high,low,5,spaceship,,,01/10/2026 13:01
c7d85715-bd5a-41fc-9bbe-601e95fbde65,tendencies.lawyer,available,48.2,48.2,medium,low,10,cloudflare,,,29/09/2026 17:02
27dce516-2dff-4091-8fd0-ae358f5b2254,spill.lawyer,available,62.99,62.99,high,low,5,namesilo,,,27/09/2026 15:56
fc502424-b8b7-4a37-97e8-3f54138f1a9b,science.lawyer,premium,3300,3300,high,medium,7,dynadot,,,02/10/2026 19:52
801bd5e4-137b-4ce3-9495-d2299aed1bd6,disordered.lawyer,available,62.99,62.99,medium,low,10,namesilo,,,14/08/2026 11:18
89a34d36-a327-4851-96e5-78b215084278,queenly.lawyer,available,62.99,62.99,medium,low,7,namesilo,,,09/09/2026 07:52
dc1944d3-86df-4684-a33d-18b19c05393a,definite.lawyer,available,65.98,66.98,high,low,8,namecheap,,,24/09/2026 05:06
a3790a6b-dcb2-4693-b997-6b59b9b0b83e,recessions.lawyer,available,62.99,62.99,low,low,10,namesilo,,,21/09/2026 06:29
38ebf088-4dbc-4718-8601-5f983fe0902c,tubeless.lawyer,available,65.98,66.98,medium,low,8,namecheap,,,11/09/2026 20:58
1eb8df7c-7cdd-4c7c-8469-3042fafb17a4,cordate.lawyer,available,62.99,62.99,high,low,7,namesilo,,,13/08/2026 00:50
39058d34-2612-4c54-ac6b-5b2ab3b5ced1,barbed.lawyer,available,62.99,62.99,medium,low,6,namesilo,,,08/08/2026 16:36
398ce1de-decd-4443-b024-ecffa04872df,biographical.lawyer,available,62.99,62.99,high,low,12,namesilo,,,01/10/2026 05:35
10c3a2a5-37bb-4d0a-ad38-3d8d4cb7e1db,truelove.lawyer,available,62.99,62.99,medium,low,8,namesilo,,,10/09/2026 19:36
63846402-1d27-4d01-b20c-a3d3887e5b5d,efl.lawyer,available,49.88,49.88,high,low,3,spaceship,,,29/09/2026 09:34
0f251397-377c-46aa-8b68-741a782f38bf,republicans.lawyer,available,48.2,48.2,medium,low,11,cloudflare,,,30/09/2026 06:30
27a61d6e-e3ef-462a-a254-705ca2ddf996,complimentary.lawyer,available,51.58,51.58,medium,low,13,dynadot,,,30/09/2026 04:02
cf751ad1-5467-4584-b678-409e6f7c9ca0,alarming.lawyer,available,62.99,62.99,medium,low,8,namesilo,,,
de6f7596-0f7f-4591-8ad8-e44e5c4a8e35,kaufman.lawyer,premium,118.8,118.8,medium,low,7,namesilo,,,25/09/2026 22:56
a0f88b5d-2280-44b7-a8e4-d4dc50b5a239,tomboy.lawyer,available,66.98,,high,low,7,namecheap,,,
5c7c4bc4-976a-4dd0-9c1e-b94b17df932e,kisses.lawyer,available,48.2,48.2,medium,low,6,cloudflare,,,28/09/2026 04:53
f9e48173-c6c9-430b-a0f6-87141d4f0076,rushes.lawyer,available,48.2,48.2,high,low,6,cloudflare,,,30/09/2026 06:26
ada0f304-3626-4e17-8c0e-c1a85a7eaf1c,staid.lawyer,available,62.99,62.99,medium,low,5,namesilo,,,10/09/2026 01:34
e2ed6e36-6bfa-41a9-9ce0-54aa65a8711b,nonzero.lawyer,available,62.99,62.99,high,low,8,namesilo,,,03/09/2026 18:39
2468f1e5-2d5e-4055-bc89-912d621f9523,cranberry.lawyer,available,49.88,49.88,high,low,9,spaceship,,,30/09/2026 01:08
d292bda8-6fd7-493b-b595-515ae36ee69e,knesset.lawyer,available,62.99,62.99,medium,low,7,namesilo,,,28/09/2026 19:39
6c7d9c18-9dbe-4aca-a433-6b8ed6893135,content.lawyer,available,62.99,62.99,high,medium,7,namesilo,,,02/10/2026 07:22
38b30645-da8a-450f-95bb-a3aa32d588b1,azimuth.lawyer,available,62.99,62.99,high,low,7,namesilo,,,21/09/2026 10:54
d96b749f-209d-4fcc-a8e5-c0570f7d37d8,neurons.lawyer,available,49.88,49.88,medium,low,7,spaceship,,,30/09/2026 06:54
9cbe15bf-c0e2-4bb1-bde5-c472910ac0e1,retained.lawyer,available,49.88,49.88,high,low,8,spaceship,,,27/09/2026 13:05
3a80c052-e568-4f06-9be3-70fefdaf33ec,bobby.lawyer,premium,242,242,high,low,5,namesilo,,,28/09/2026 13:33
2a32193f-6fdf-4fcb-9b0c-5666c2bb969f,hired.lawyer,available,62.99,62.99,high,low,5,namesilo,,,12/08/2026 02:48
c36b6c94-4b4a-41d9-8817-2d9345a91f08,abrupt.lawyer,available,62.99,62.99,high,low,6,namesilo,,,
d444887f-fb9f-43a6-8a0b-03e7e4bfdd76,eliminated.lawyer,available,49.88,49.88,medium,low,10,spaceship,,,28/09/2026 17:04
bc69c043-ee41-4abe-8c78-863943da3e08,conversion.lawyer,available,62.99,62.99,high,low,10,namesilo,,,29/09/2026 06:19
60502a14-1d22-4889-8266-42c914c56c03,crichton.lawyer,available,48.2,48.2,medium,low,8,cloudflare,,,30/09/2026 01:11
bd9d98ab-5765-4eda-bc41-4853f2e52058,african.lawyer,premium,3750,3750,high,low,7,name.com,,,
2454cb7b-5c4e-436f-bb8d-e064207a3004,oldest.lawyer,available,49.88,49.88,high,low,6,spaceship,,,01/10/2026 19:28
61ddc630-2cd6-4114-9b7b-acca9c20607e,issues.lawyer,available,65.98,66.98,medium,low,6,namecheap,,,25/09/2026 21:11
4b6cf66a-3589-4c12-acd8-8bf9caf741e5,understandable.lawyer,available,62.99,62.99,high,low,14,namesilo,,,
7bd2d750-468c-45db-9091-2f82c182e448,denham.lawyer,available,48.2,48.2,medium,low,6,cloudflare,,,30/09/2026 05:30
0212b32d-6009-48f0-891b-6e8821253f8c,overcoming.lawyer,available,62.99,62.99,high,low,10,namesilo,,,02/10/2026 07:30
6730d51f-6400-4df0-8139-8caca8a9511e,unimpeded.lawyer,available,62.99,62.99,medium,low,9,namesilo,,,12/09/2026 13:10
8b4463ac-d779-4e47-90b4-f0146c63245a,detention.lawyer,available,48.2,48.2,high,low,9,cloudflare,,,27/09/2026 12:53
09978637-682a-4002-9fb3-a8213ccff1ef,inculpable.lawyer,available,62.99,62.99,medium,low,10,namesilo,,,10/08/2026 12:55
a0d9ba57-261b-421c-bbda-0426fb97f4bd,avesta.lawyer,available,65.98,66.98,medium,low,6,namecheap,,,21/09/2026 09:22
af3b5880-d593-4951-aebe-231b5da13c13,nyt.lawyer,available,65.98,66.98,high,low,3,namecheap,,,02/10/2026 09:28
2cadeb00-2fd3-4315-95f0-d91f11ceba07,introductory.lawyer,available,62.99,62.99,high,low,12,namesilo,,,
37224e26-bbcc-4b27-8f04-bd04d8eb3a49,rests.lawyer,available,62.99,62.99,medium,low,5,namesilo,,,18/09/2026 07:14
7a895cc3-f180-47f8-8912-4894931dfc6f,coordination.lawyer,available,49.88,49.88,high,low,12,spaceship,,,01/10/2026 16:03
8ea6e87c-27ab-4645-9b9f-2c0affe6477e,whitewater.lawyer,available,62.99,62.99,high,low,11,namesilo,,,
af1e3fe3-f89e-4d93-a971-d1a0a038e2b3,maid.lawyer,available,62.99,62.99,high,low,4,namesilo,,,25/09/2026 16:10
a3b10a66-8d2a-44f1-85ce-f7620b310e39,hope.lawyer,available,62.99,62.99,high,medium,4,namesilo,,,24/09/2026 06:22
be7f883a-6f75-4283-87cf-6dd224a1d941,tendency.lawyer,available,62.99,62.99,high,low,8,namesilo,,,22/08/2026 22:11
45f2abaf-6611-4007-882a-9074cbcc3edd,tko.lawyer,available,49.88,49.88,high,low,3,spaceship,,,02/10/2026 16:56
1fe12b64-ccef-40df-924f-7aede63ff192,companion.lawyer,available,62.99,62.99,high,low,9,namesilo,,,24/09/2026 16:40
c8c30998-b2e6-425e-bd60-f6382d77a773,provincial.lawyer,resell,,,medium,low,10,"Spaceship, Inc.",11/04/2020 04:23,11/04/2028 04:23,26/09/2026 08:23
8d252cbc-1789-44db-92ff-2e64297bbd63,decency.lawyer,available,62.99,62.99,high,low,7,namesilo,,,29/09/2026 06:36
95528d5d-a9a2-45a4-8e5d-bada4ae35b61,clack.lawyer,available,62.99,62.99,medium,low,5,namesilo,,,23/09/2026 23:30
74d0945a-bb9c-49f4-80e2-d50333c2fa39,visalia.lawyer,premium,440,440,medium,low,7,dynadot,,,02/10/2026 20:44
83481d80-4663-4779-904b-299b68ab267d,deceiving.lawyer,available,49.88,49.88,medium,low,9,spaceship,,,02/10/2026 01:33
ec0a16c6-5281-4429-9647-9ea55c8e0b94,binet.lawyer,available,65.98,66.98,medium,low,5,namecheap,,,18/09/2026 06:25
53052080-f815-446c-b49e-5fa7f47608dd,row.lawyer,premium,128.7,128.7,high,low,3,namecheap,,,25/09/2026 05:05
3ff8f853-de60-4457-99a1-a08a33523946,disgusting.lawyer,available,62.99,62.99,medium,low,10,namesilo,,,14/08/2026 10:32
66266793-0dac-4f81-b12b-93963eb08895,trig.lawyer,available,62.99,62.99,high,low,4,namesilo,,,12/08/2026 10:13
712a38d1-7cb0-4e17-804c-0c112b2428e6,steely.lawyer,available,62.99,62.99,medium,low,6,namesilo,,,10/09/2026 19:47
3e6e8591-4dc4-4ce0-8a60-2fc5ec6143d2,perforce.lawyer,available,62.99,62.99,medium,low,8,namesilo,,,15/09/2026 19:36
e04e492f-39e2-45a2-a932-6d4a0963f8e0,simpleness.lawyer,available,62.99,62.99,medium,low,10,namesilo,,,24/09/2026 13:51
5ad9485c-13b4-4e0a-92ac-3ada1884c8ab,halo.lawyer,available,49.88,49.88,high,medium,4,spaceship,,,28/09/2026 21:17
1dc43967-eda5-4d26-a729-24b6b5c21fea,marquis.lawyer,premium,242,242,high,low,7,namesilo,,,30/09/2026 17:02
39a561ca-74ea-4fcf-ad4d-dd2e72cd98d4,strap.lawyer,available,65.98,66.98,high,low,5,namecheap,,,28/09/2026 10:12
ae5c7712-334e-40a4-adb4-fd06ca265d7b,italic.lawyer,available,62.99,62.99,high,low,6,namesilo,,,22/08/2026 11:37
4b681366-aa5e-4e7e-8287-1067756de317,vilna.lawyer,available,49.95,49.95,medium,low,5,porkbun,,,01/10/2026 18:52
763f622c-ba38-4e86-afdd-59700a121751,treatments.lawyer,available,49.88,49.88,medium,low,10,spaceship,,,29/09/2026 04:46
9f5afb34-b185-4191-a616-d1ea4c78c994,whap.lawyer,available,62.99,62.99,medium,low,4,namesilo,,,22/09/2026 10:30
72225cef-25b0-4f52-909e-19aa71b22895,holotype.lawyer,available,62.99,62.99,high,low,8,namesilo,,,25/09/2026 23:08
555e11d9-e3e9-42be-8b0e-b1390588ab99,aimee.lawyer,premium,109.53,218.86,medium,low,5,porkbun,,,02/10/2026 02:35
0572cfb2-728e-47d6-bf86-f027709c1ae8,collapses.lawyer,available,62.99,62.99,low,low,9,namesilo,,,20/09/2026 09:36
5e0a1022-5dfa-49c0-93cd-eedce3e90426,unknowable.lawyer,available,62.99,62.99,medium,low,10,namesilo,,,12/09/2026 14:17
50fe3ee2-f90f-4cbb-ab5e-80ac6422f360,susquehanna.lawyer,available,65.98,66.98,medium,low,11,namecheap,,,27/09/2026 01:59
b331fcba-2041-494b-9189-4a30e3cde9c2,kitt.lawyer,available,49.88,49.88,high,low,4,spaceship,,,03/10/2026 03:13
26206b6e-1531-46e1-8233-d569d89330ad,alzheimer.lawyer,available,49.88,49.88,medium,low,9,spaceship,,,03/10/2026 03:52
f8b6c8f2-4609-4044-9180-e01f7f96a7b1,beauties.lawyer,available,49.95,49.95,medium,low,8,porkbun,,,30/09/2026 23:49
8157b589-101a-4e45-9e56-c2dc92aa2f3d,planter.lawyer,available,49.88,49.88,high,low,7,spaceship,,,30/09/2026 18:21
70e7e25a-ada6-4421-b637-36f8084d851f,bites.lawyer,available,49.88,49.88,medium,low,5,spaceship,,,28/09/2026 13:24
547eaa49-aca6-4317-97a1-276682947810,aotus.lawyer,available,62.99,62.99,medium,low,5,namesilo,,,19/09/2026 16:05
e708570b-2007-4133-80e5-114e27e0b3cb,agal.lawyer,available,62.99,62.99,medium,low,4,namesilo,,,17/09/2026 16:00
fa8c3a80-72d6-44e0-b1d6-33dd6b0667c0,sap.lawyer,available,62.99,62.99,high,low,3,namesilo,,,29/09/2026 06:26
01223549-5e5b-4751-ac79-003677f5cb78,sewell.lawyer,available,49.88,49.88,medium,low,6,spaceship,,,28/09/2026 22:10
71cddeff-255e-4147-a516-aeaf8d0a634e,taco.lawyer,resell,,,high,low,4,"GoDaddy.com, LLC",21/06/2017 20:55,21/06/2027 20:55,29/09/2026 21:33
71dee40c-d672-4c47-b79e-50d21654eb18,aftershock.lawyer,available,65.98,66.98,medium,low,10,namecheap,,,17/09/2026 15:51
bd7bee39-a4c2-4e8b-8684-7e889ca07edc,attila.lawyer,available,62.99,62.99,high,low,6,namesilo,,,21/09/2026 01:47
12b76580-4638-482f-a8c5-00ff64d7d539,corpses.lawyer,available,49.88,49.88,low,low,7,spaceship,,,28/09/2026 23:15
81ac6050-a406-44fe-b82a-cf22d43a443f,options.lawyer,available,62.99,62.99,high,low,7,namesilo,,,19/09/2026 14:29
6ecc2c84-3e45-49c7-9e2f-b1ad991df498,immanent.lawyer,available,65.98,66.98,medium,low,8,namecheap,,,21/08/2026 20:50
df183ae1-7266-4268-a544-f5c7718ce3f6,notebooks.lawyer,available,65.98,66.98,medium,low,9,namecheap,,,20/09/2026 11:51
17758b6d-1c88-458f-90d5-ce90f593ac9f,ebionite.lawyer,available,62.99,62.99,medium,low,8,namesilo,,,14/08/2026 23:04
56731550-5919-4bc8-8e04-884011ca320c,sacrificial.lawyer,available,51.58,51.58,high,low,11,dynadot,,,02/10/2026 16:52
c74abb3d-668e-4043-b4c4-26bb0e10455a,hanker.lawyer,available,62.99,62.99,medium,low,6,namesilo,,,24/08/2026 08:57
ef336413-0bf7-4484-a6ee-02594f7bd626,klan.lawyer,available,49.88,49.88,medium,low,4,spaceship,,,30/09/2026 10:20
85bed427-2220-4c9f-b971-715fba5a87d0,armored.lawyer,available,62.99,62.99,high,low,7,namesilo,,,22/09/2026 08:00
45f2fe48-628e-4720-8e35-9a67a973f334,urbanized.lawyer,available,62.99,62.99,medium,low,9,namesilo,,,12/09/2026 23:29
90523447-1e2e-4729-bdb9-44621cd085b1,suva.lawyer,available,49.88,49.88,medium,low,4,spaceship,,,02/10/2026 06:31
0c8eb58d-0424-4fbb-8bc9-6dafbd08bf7a,cordial.lawyer,available,65.98,66.98,high,low,7,namecheap,,,21/09/2026 21:39
13aa4bad-fd03-44c5-a03b-415f0751e06e,latrobe.lawyer,available,62.99,62.99,medium,low,7,namesilo,,,23/09/2026 08:20
83305403-974a-463f-b268-902b5f5d4bcd,seafaring.lawyer,available,62.99,62.99,medium,low,9,namesilo,,,04/09/2026 00:22
73fd3f76-ebf7-46b5-b2a7-4342aa9ad3bd,astragalus.lawyer,available,65.98,66.98,medium,low,10,namecheap,,,19/09/2026 09:45
ecf177df-b938-4366-bc09-9ad703328135,rainforest.lawyer,available,49.88,49.88,high,low,10,spaceship,,,01/10/2026 21:25
e00d7c6f-ba75-43b8-89c6-d795e48518d5,arnett.lawyer,available,62.99,62.99,medium,low,6,namesilo,,,01/10/2026 23:33
5392038a-edc2-483b-b7f8-c03dd6d2e976,woodland.lawyer,premium,108.9,108.9,high,low,8,dynadot,,,29/09/2026 20:30
8fd7f52c-c94f-49b2-8a5b-edb5c9425add,mediaeval.lawyer,available,65.98,66.98,medium,low,9,namecheap,,,24/08/2026 18:49
f6a09c0e-1509-4112-8b9a-2a6bb05e52c4,catarina.lawyer,available,62.99,62.99,medium,low,8,namesilo,,,30/09/2026 14:56
ac14d313-3fb7-4178-a1d4-9cfe8ccb8e9b,jacobean.lawyer,available,62.99,62.99,high,low,8,namesilo,,,22/08/2026 11:47
016d9de2-adad-481d-966d-8160d0ef070a,stated.lawyer,available,65.98,66.98,high,low,6,namecheap,,,10/09/2026 19:08
5b6e6b30-cd28-4676-a8cc-9c872f384dd9,haifa.lawyer,available,49.88,49.88,high,low,5,spaceship,,,28/09/2026 02:03
5326bffa-ae9b-40b3-a4f7-6d1415e921af,prostitutes.lawyer,available,49.88,49.88,low,low,11,spaceship,,,28/09/2026 23:58
7470c4b4-90b3-46ab-bf25-c233a767edb7,continuity.lawyer,available,62.99,62.99,high,low,10,namesilo,,,24/09/2026 17:42
41d65215-9771-4b6a-a83f-5c31d5df13d4,christy.lawyer,premium,242,242,high,low,7,namesilo,,,29/09/2026 21:38
357eb91f-1b8e-4731-91c9-14b29487a04d,govern.lawyer,available,62.99,62.99,high,low,6,namesilo,,,29/09/2026 13:54
c134227a-4f53-4200-9f0a-8ba0081cc509,savage.lawyer,available,,,high,low,6,,,,
c12f2e77-92f1-418e-a1ca-fafaf3a4c8c0,quavering.lawyer,available,62.99,62.99,medium,low,9,namesilo,,,09/09/2026 07:44
920649e9-5b8a-497c-ace7-6fe0612d3332,zig.lawyer,available,62.99,62.99,high,low,3,namesilo,,,13/09/2026 15:15
08ba8411-b8af-4a95-b9c8-f511859a13e9,turnovers.lawyer,available,65.98,66.98,medium,low,9,namecheap,,,19/09/2026 22:02
6e3afdf8-b094-442d-a45b-d69282c2682e,manky.lawyer,available,62.99,62.99,medium,low,5,namesilo,,,24/08/2026 15:12
abfb49f7-415c-4c67-9f76-81473e55dff5,howdy.lawyer,available,62.99,62.99,high,low,5,namesilo,,,02/10/2026 05:13
61df7900-7054-4879-8f2d-d3451b4ee4e3,alienism.lawyer,available,65.98,66.98,medium,low,8,namecheap,,,18/09/2026 07:34
bbe2cf20-eb0a-43a1-9e95-5489085955a2,pentatonic.lawyer,available,62.99,62.99,medium,low,10,namesilo,,,08/09/2026 15:05
71be05e0-0aae-471a-b9c2-2f5bc787f9d3,author.lawyer,premium,3900,3900,high,low,6,namecheap,,,21/09/2026 05:09
4f48a0b7-4f69-4cbc-b18f-0457be31d341,poets.lawyer,available,62.99,62.99,medium,low,5,namesilo,,,28/09/2026 22:26
3199f487-ecf0-4ffb-b12c-aeb7cc736d8c,reigns.lawyer,available,62.99,62.99,medium,low,6,namesilo,,,02/10/2026 12:48
5131cf6a-c644-4f41-b55d-7b7432544694,continual.lawyer,available,62.99,62.99,high,low,9,namesilo,,,23/09/2026 22:10
cd5d0bb9-414b-438d-9db8-a09b8547b1ed,dungeon.lawyer,available,62.99,62.99,high,low,7,namesilo,,,24/09/2026 23:29
8ecf9b18-2216-432d-9f3e-f8b7b84b565a,curtin.lawyer,available,49.88,49.88,medium,low,6,spaceship,,,29/09/2026 09:07
9dbba6ba-79da-4269-bb9d-a8c3bab050cd,dosed.lawyer,available,62.99,62.99,medium,low,5,namesilo,,,14/08/2026 16:24
26461a3e-ee20-4f82-ba58-d1d33c79d0ae,formulated.lawyer,available,62.99,62.99,high,low,10,namesilo,,,18/08/2026 12:22
6b44d68b-5deb-48cb-9d3d-1e7f3ca7c212,astronaut.lawyer,available,65.98,66.98,high,low,9,namecheap,,,20/09/2026 17:56
a73d6c9d-dda1-49aa-bdbf-bbd724f2e452,ineffable.lawyer,available,62.99,62.99,high,low,9,namesilo,,,22/08/2026 02:45
c004db0c-feb7-417e-a396-fcfa83ca0ae5,timmy.lawyer,premium,242,242,high,low,5,namesilo,,,01/10/2026 08:36
8f566367-f9c0-4ab1-85ef-7ad2e9a0b157,teutonic.lawyer,available,62.99,62.99,medium,low,8,namesilo,,,11/09/2026 12:13
8e526020-af01-4128-b381-fbb595d7c7a2,margot.lawyer,available,49.88,49.88,high,low,6,spaceship,,,28/09/2026 21:14
68a1db92-3152-4fdc-9f2c-190bb9a98b55,playfield.lawyer,available,51.58,51.58,high,low,9,dynadot,,,02/10/2026 02:59
8c5acab7-c005-438a-bb87-3721fb9eb0da,unhinge.lawyer,available,62.99,62.99,medium,low,7,namesilo,,,24/09/2026 22:50
5fb83e27-491c-4475-b26b-593476a1a607,glue.lawyer,available,49.88,49.88,high,low,4,spaceship,,,29/09/2026 20:54
98daf9f5-f018-4271-a9f0-43a1264687d1,nonsense.lawyer,available,62.99,62.99,high,low,8,namesilo,,,30/09/2026 22:57
ca528610-9c5e-4280-9036-926320619b29,yan.lawyer,available,49.95,49.95,medium,low,3,porkbun,,,29/09/2026 04:27
8fdea176-d30d-4106-b6fb-7535f6bb581a,later.lawyer,available,62.99,62.99,high,low,5,namesilo,,,21/09/2026 22:11
03238a55-7051-4f92-8042-ab6d418b3adf,dissection.lawyer,available,62.99,62.99,high,low,10,namesilo,,,24/09/2026 23:04
ac62c8da-ccee-46d7-a3d5-2b458326ba85,freda.lawyer,premium,242,242,high,low,5,namesilo,,,01/10/2026 08:48
beeb74cc-2e1f-4718-8bdd-d7a54d686184,streetfighter.lawyer,available,66.98,,medium,low,14,namecheap,,,
e9323a23-f7fa-4ed3-8e1a-c8fa865f6547,enforce.lawyer,available,49.88,49.88,high,low,7,spaceship,,,29/09/2026 08:23
ba86f216-3307-4538-942a-de520de080c4,utc.lawyer,available,49.88,49.88,medium,low,3,spaceship,,,28/09/2026 09:27
2dd89be7-cb7e-4928-8842-8d940f208310,carrara.lawyer,available,62.99,62.99,medium,low,7,namesilo,,,02/10/2026 11:43
ae4d73ca-2ff7-415a-a9e7-9aeeb1566ed5,whiff.lawyer,available,62.99,62.99,high,low,5,namesilo,,,09/09/2026 05:39
254bec28-3d3f-4a13-9b94-1dc57625ddbf,tainted.lawyer,available,62.99,62.99,medium,low,7,namesilo,,,11/09/2026 07:12
2bd3553d-2872-4c32-91c4-9969b88ba045,luo.lawyer,available,62.99,62.99,high,low,3,namesilo,,,29/09/2026 07:30
ad50a4e2-c863-4941-97e9-3b497a27fddd,gunnison.lawyer,available,62.99,62.99,medium,low,8,namesilo,,,01/10/2026 12:09
160953ec-72ae-4d58-acec-d42f3446dec6,clothes.lawyer,available,49.95,49.95,high,low,7,porkbun,,,28/09/2026 21:50
c418b55a-39dd-46eb-bd3f-5ece11bdc005,marion.lawyer,available,62.99,62.99,high,low,6,namesilo,,,25/09/2026 14:37
2582b62c-310c-4348-8d9c-b7554af601b7,settings.lawyer,available,62.99,62.99,medium,low,8,namesilo,,,17/09/2026 13:18
0fb9adc6-18bb-4eff-8c07-00fc1647bda7,raion.lawyer,available,49.88,49.88,high,low,5,spaceship,,,30/09/2026 20:23
8dd0eb82-e34c-40aa-9df7-af602f7fea1f,spots.lawyer,available,62.99,62.99,high,low,5,namesilo,,,27/09/2026 04:00
aae77236-d4ef-48da-89af-8c5fcfe5112f,history.lawyer,premium,207.2,207.2,high,low,7,spaceship,,,28/09/2026 17:27
6538de08-640e-4b41-8709-7665feb7df7f,consistency.lawyer,available,49.88,49.88,high,low,11,spaceship,,,29/09/2026 16:04
52ee450e-7291-460c-95bc-906d62aad431,poisoned.lawyer,available,48.2,48.2,medium,low,8,cloudflare,,,27/09/2026 17:38
37c82490-d636-45e3-8702-33f24eb5f129,corporeal.lawyer,available,62.99,62.99,medium,low,9,namesilo,,,13/08/2026 01:54
ea7fd291-6f9f-400d-a296-5b9ec7b40db4,moment.lawyer,available,62.99,62.99,high,low,6,namesilo,,,29/09/2026 22:41
2ef487da-c150-4b78-8d76-48783ee74a9b,streets.lawyer,available,49.95,49.95,high,low,7,porkbun,,,02/10/2026 07:28
bf206035-e773-40ab-8dd1-2108e25cc957,sebring.lawyer,available,62.99,62.99,medium,low,7,namesilo,,,01/10/2026 23:35
eb5cb563-b177-4c01-976b-21167d23ecc8,alteration.lawyer,available,62.99,62.99,high,low,10,namesilo,,,18/09/2026 14:42
70a1c225-6001-428e-9817-4c4705cce5e0,lae.lawyer,premium,,,high,low,3,,,,02/10/2026 18:48
fbc8a3fd-0e0a-43e2-8eee-3f3102f1d884,dodson.lawyer,premium,414.2,414.2,medium,low,6,spaceship,,,29/09/2026 22:21
ea2333d0-aea8-44ab-bc4f-52b149d69f03,barbecues.lawyer,available,62.99,62.99,medium,low,9,namesilo,,,21/09/2026 08:34
7078cddb-699c-4748-96f8-cc14d589ab71,shahn.lawyer,available,62.99,62.99,high,low,5,namesilo,,,23/09/2026 07:28
14ec2aee-8ab5-445f-aec9-c79ea47f8798,tampico.lawyer,available,49.88,49.88,high,low,7,spaceship,,,01/10/2026 04:00
44c6174b-96cb-45f6-938f-4eb6990f8660,arachnoid.lawyer,available,62.99,62.99,medium,low,9,namesilo,,,06/08/2026 11:41
5803b231-0a34-4a00-b4e2-8a1a76e8782d,khat.lawyer,available,62.99,62.99,medium,low,4,namesilo,,,17/09/2026 15:23
c2efbb6e-e71c-47c6-90b2-5c3f7e873ab2,hepatic.lawyer,available,62.99,62.99,medium,low,7,namesilo,,,21/08/2026 06:47
75c5f4b9-838b-4870-9c0e-65a7660bb09e,booklist.lawyer,available,51.58,51.58,high,low,8,dynadot,,,02/10/2026 03:01
42c5b6f4-9083-4193-a463-46db8f183402,reactor.lawyer,available,49.88,49.88,high,low,7,spaceship,,,28/09/2026 10:36
c96daa02-8dc2-4ad3-aede-9c4c0aff666e,deadlines.lawyer,available,62.99,62.99,medium,low,9,namesilo,,,21/09/2026 08:50
19ffa6ce-2c9a-4b75-bb8b-0beef44b9579,lossy.lawyer,available,62.99,62.99,medium,low,5,namesilo,,,24/08/2026 09:58
544f067f-22ee-42b0-8afa-6c95b7b96ae7,corrupt.lawyer,available,65.98,66.98,high,low,7,namecheap,,,23/09/2026 23:53
81a85cfd-9cf9-4b3f-9525-2e486798581e,nearing.lawyer,available,48.2,48.2,medium,low,7,cloudflare,,,01/10/2026 17:44
e784eb8c-5767-471f-acfc-a2ef79fdd093,crotch.lawyer,available,62.99,62.99,medium,low,6,namesilo,,,24/09/2026 19:42
7716a4ce-eefc-411d-bc2e-3cb6465dc10f,header.lawyer,available,48.2,48.2,high,low,6,cloudflare,,,30/09/2026 16:46
ce58cd8e-8e50-40a1-a7ec-6f8a81793fa7,archery.lawyer,available,62.99,62.99,high,low,7,namesilo,,,20/09/2026 02:00
176eb88a-5c85-47ba-bf69-a8ae8c112f8c,medicines.lawyer,available,48.2,48.2,medium,low,9,cloudflare,,,30/09/2026 06:22
b4af0713-9e60-4034-8c3f-41fee0044024,superficial.lawyer,available,48.2,48.2,medium,low,11,cloudflare,,,28/09/2026 20:58
cbf76967-7563-4308-a724-fb428048d65a,unfixed.lawyer,available,62.99,62.99,medium,low,7,namesilo,,,12/09/2026 10:28
3ee95eec-4219-416a-b1ab-3e665994b285,vicksburg.lawyer,available,49.88,49.88,medium,low,9,spaceship,,,28/09/2026 03:05
775b1b71-89ae-4daf-924a-3db8f0bac80f,karen.lawyer,premium,242,242,high,low,5,namesilo,,,25/09/2026 08:08
7cd57658-269b-42d9-89e3-6c7d211e9662,higgins.lawyer,premium,512,512,high,low,7,namesilo,,,25/09/2026 13:27
073f0119-eedf-4ebe-9cb3-4754b13fa409,rolf.lawyer,available,51.58,51.58,high,low,4,dynadot,,,28/09/2026 06:01
33791e57-140c-4fb7-9a5d-88414620abab,goliath.lawyer,available,62.99,62.99,high,low,7,namesilo,,,23/09/2026 03:22
e980f8a9-a43f-4102-aeb3-95ff07dfe7b7,cheetah.lawyer,available,62.99,62.99,high,low,7,namesilo,,,17/09/2026 01:33
7f3d9683-4422-47fb-8d3f-c3ab9012c814,scent.lawyer,available,62.99,62.99,high,low,5,namesilo,,,20/09/2026 08:28
3fce2be2-605c-4b50-9868-fe9a0efe810f,packing.lawyer,available,48.2,48.2,high,low,7,cloudflare,,,29/09/2026 00:21
cf3928e7-a513-4027-a3c4-4878496d62c0,lag.lawyer,premium,118.8,118.8,high,low,3,namesilo,,,25/09/2026 10:16
7b464755-cdef-4916-9173-ca25f701a19e,semifinal.lawyer,available,62.99,62.99,high,low,10,namesilo,,,16/09/2026 09:45
842c3302-d89a-43ad-84ab-9154645f726b,fulfillment.lawyer,available,49.95,49.95,high,low,11,porkbun,,,29/09/2026 23:14
97629daf-44e2-4714-b015-cae286dc6a55,fluted.lawyer,available,62.99,62.99,medium,low,6,namesilo,,,02/10/2026 07:35
8d5e7edc-d4c2-4291-9de5-43c10b41f04d,vines.lawyer,available,48.2,48.2,medium,low,5,cloudflare,,,29/09/2026 23:04
cf247146-4d1e-42b4-aaf6-198734a72c38,frozen.lawyer,available,65.98,66.98,high,low,6,namecheap,,,24/09/2026 19:29
edca0d54-e218-45e4-9567-27e90c75c129,page.lawyer,premium,108.9,108.9,high,medium,4,dynadot,,,30/09/2026 06:20
94871494-dc19-4324-ac80-57d1ed08f7ca,assonance.lawyer,available,62.99,62.99,medium,low,9,namesilo,,,20/09/2026 16:32
22c7f243-93a2-491f-8c4d-77c70eb1557b,geology.lawyer,available,62.99,62.99,high,low,7,namesilo,,,29/09/2026 07:05
d52304b2-de63-43f7-bfd1-db5151a94f13,soap.lawyer,available,49.88,49.88,high,low,4,spaceship,,,29/09/2026 17:31
5ae4d872-3941-4975-b1c9-3422c2c4d05a,squirrels.lawyer,available,65.98,66.98,medium,low,9,namecheap,,,29/09/2026 23:34
25a0a488-f5e1-4a69-89bb-baac9b064891,goldbrick.lawyer,available,62.99,62.99,medium,low,9,namesilo,,,20/08/2026 16:29
e27a0717-ad93-45c8-8372-1d19ae0055b3,rarest.lawyer,available,62.99,62.99,medium,low,6,namesilo,,,20/09/2026 08:14
30244d79-516f-457e-80c7-420cb3e9c6ac,unentitled.lawyer,available,62.99,62.99,low,low,10,namesilo,,,12/09/2026 09:07
8e74cada-0640-48d9-8b16-8cd04057a331,fighters.lawyer,available,62.99,62.99,medium,low,8,namesilo,,,28/09/2026 05:05
fcfa5605-66d2-476b-8c31-95afb047b698,robots.lawyer,resell,,,high,medium,6,Dynadot Inc,31/10/2025 14:50,31/10/2027 14:50,02/10/2026 14:01
ffddcd3d-e52b-4311-b8f9-c65d00493f4f,starving.lawyer,available,65.98,66.98,medium,low,8,namecheap,,,10/09/2026 19:04
35257849-508a-417f-a00a-77ee027a877b,peck.lawyer,premium,500,500,high,low,4,name.com,,,25/08/2026 00:37
d7dc6881-3663-44fc-aa53-a3bd02d71cba,approach.lawyer,available,62.99,62.99,high,low,8,namesilo,,,06/08/2026 08:44
cfc46d0a-3bfd-49cb-ac41-6fed14936ff8,whereas.lawyer,available,62.99,62.99,high,low,7,namesilo,,,01/10/2026 00:02
39701242-906f-46e9-ad3d-33e4f406dfbf,palaces.lawyer,available,62.99,62.99,medium,low,7,namesilo,,,30/09/2026 23:50
3bef78c3-1be8-409c-bfd3-64a7e05566c6,pelosi.lawyer,available,48.2,48.2,medium,low,6,cloudflare,,,02/10/2026 03:41
fa3a425f-3290-4a34-a04a-957bc971ef18,unmannered.lawyer,available,62.99,62.99,low,low,10,namesilo,,,08/08/2026 07:28
2abcb507-4f21-49d5-bcea-12fbc4006a81,athenian.lawyer,available,62.99,62.99,medium,low,8,namesilo,,,07/08/2026 13:08
9f56d28c-7a70-447a-94d1-c1eb7db7fbde,minatory.lawyer,available,65.98,66.98,low,low,8,namecheap,,,24/08/2026 19:58
cb189ff6-c746-4c50-b03e-0aa5b94e1bc8,timorese.lawyer,available,62.99,62.99,medium,low,8,namesilo,,,11/09/2026 16:04
bf171879-8045-470a-9dae-90754b1837e1,unsheathed.lawyer,available,62.99,62.99,medium,low,10,namesilo,,,12/09/2026 19:47
8429533a-5ecc-47cb-b488-ec451b182ee4,carol.lawyer,premium,242,242,high,low,5,namesilo,,,24/09/2026 13:02
d48815c1-c282-46f2-809c-09a62ba913ce,biopsy.lawyer,available,65.98,66.98,high,low,6,namecheap,,,23/09/2026 18:55
531034e2-4003-4872-af38-4f05436c9fab,credendum.lawyer,available,62.99,62.99,medium,low,9,namesilo,,,20/09/2026 11:13
6461f378-9b97-492c-af3c-d42c0987b1ec,slammer.lawyer,available,62.99,62.99,medium,low,7,namesilo,,,08/09/2026 22:49
bd12eb80-0a9b-46d9-af6a-18703b47ecba,rong.lawyer,available,49.88,49.88,low,low,4,spaceship,,,02/10/2026 02:50
5ed36f43-d988-4a63-a2c6-d74867b9bd3b,squawky.lawyer,available,62.99,62.99,low,low,7,namesilo,,,11/08/2026 12:26
7666fb18-5056-4066-9563-8576cea89537,killers.lawyer,available,62.99,62.99,medium,low,7,namesilo,,,27/09/2026 11:04
19aed476-0b2c-49ec-8bf3-7530325b6edb,zamboanga.lawyer,available,49.88,49.88,medium,low,9,spaceship,,,02/10/2026 09:38
cc4b4b4f-a189-4309-8ff5-91ea857ea4e6,adamantine.lawyer,available,62.99,62.99,medium,low,10,namesilo,,,
3bc30dd6-092c-4327-bcbb-d3eafc39e120,frosty.lawyer,available,62.99,62.99,high,low,6,namesilo,,,18/08/2026 16:26
a25e563d-ac9c-4782-b431-4bf7f2c9ec2e,whittier.lawyer,premium,,,medium,low,8,,,,28/09/2026 10:10
8674efc5-f0a0-43bc-a837-da8dbef1acdc,campaigning.lawyer,available,49.95,49.95,high,low,11,porkbun,,,01/10/2026 23:43
46aa867b-8f0d-4afd-aa86-2f0c78eaea62,docket.lawyer,premium,242,242,high,low,6,namesilo,,,17/09/2026 17:03
616b6cb4-2e67-4fa4-bfdf-4e392ddf4333,arts.lawyer,premium,3300,3300,high,low,4,dynadot,,,01/10/2026 02:32
0ec5dd13-070a-43a3-9a6b-1183e028d341,coyle.lawyer,available,65.98,66.98,medium,low,5,namecheap,,,30/09/2026 05:31
2bd535de-6a21-4e96-895e-2acb100e48ff,counties.lawyer,available,48.2,48.2,medium,low,8,cloudflare,,,30/09/2026 22:53
d251b159-37a9-4193-9521-05904c0eae94,frilly.lawyer,available,62.99,62.99,medium,low,6,namesilo,,,18/08/2026 15:51
ca59db9c-51d0-4c86-90a7-4316742bcc1a,monetary.lawyer,available,65.98,66.98,high,low,8,namecheap,,,25/09/2026 21:29
aed9cf6f-aab6-4a8c-b5f7-87b3d443f23d,nuns.lawyer,available,62.99,62.99,medium,low,4,namesilo,,,28/09/2026 12:28
9ae235c9-69e0-40c6-b72b-56b75ab455e5,phd.lawyer,premium,118.8,118.8,high,low,3,namesilo,,,25/09/2026 09:56
63b282b0-d9fa-4cc9-8a17-2da90feadbb6,cae.lawyer,available,49.88,49.88,high,low,3,spaceship,,,03/10/2026 04:00
7461ac44-85a3-4e8d-bf01-2ad32ad91a04,accuser.lawyer,available,65.98,66.98,medium,low,7,namecheap,,,28/09/2026 17:32
079f4031-9114-40d1-9e05-21e36b29db17,price.lawyer,premium,118.8,118.8,high,medium,5,namesilo,,,30/09/2026 02:50
87f38122-e29c-4baf-8e0e-509943dfe244,prattle.lawyer,available,65.98,66.98,medium,low,7,namecheap,,,23/09/2026 23:32
957085d8-980c-45de-825d-5a2e40280ed5,huge.lawyer,available,62.99,62.99,high,low,4,namesilo,,,25/09/2026 06:09
d3ea0231-fc2a-41c7-a234-e0878bafdbdd,ferocious.lawyer,available,62.99,62.99,high,low,9,namesilo,,,18/08/2026 02:05
57d46cfa-831b-47ab-80d4-cdffbe47ac07,jerry.lawyer,premium,242,242,high,low,5,namesilo,,,29/09/2026 00:12
7348218a-e614-45ec-8597-89a792f71ec3,roslyn.lawyer,available,51.58,51.58,medium,low,6,dynadot,,,01/10/2026 09:25
60d80b30-bd21-4bba-b4dd-468a7434ec0e,combination.lawyer,available,62.99,62.99,high,low,11,namesilo,,,27/09/2026 02:14
3defdbd4-4d43-44b0-a13b-5d5a8a9802ce,tecumseh.lawyer,available,65.98,66.98,medium,low,8,namecheap,,,29/09/2026 08:12
9d4680f2-ecf7-4f26-9f74-02466c465949,vibrant.lawyer,available,62.99,62.99,high,low,7,namesilo,,,13/09/2026 05:05
261ae253-701d-46fd-8766-64ab841da3c9,mongolian.lawyer,premium,3750,3750,high,low,9,name.com,,,25/08/2026 04:47
497b6337-ec77-4b1d-bbe8-3ec9e7dee48f,jilted.lawyer,available,62.99,62.99,medium,low,6,namesilo,,,22/08/2026 13:23
cfc0ffee-eff1-48c9-81d6-20688b7ba0fc,acanthurus.lawyer,available,65.98,66.98,medium,low,10,namecheap,,,16/09/2026 20:58
092da47d-6cda-4f8e-89de-997a49900949,arborvitae.lawyer,available,62.99,62.99,medium,low,10,namesilo,,,20/09/2026 00:54
146e6a02-f911-4c81-9033-84ca9c6a7ebe,resolutions.lawyer,premium,242,242,high,low,11,namesilo,,,02/10/2026 13:03
ccc3f376-22e3-4bc1-b839-19264534ff7a,ife.lawyer,available,62.99,62.99,medium,low,3,namesilo,,,01/10/2026 23:39
d06c5753-b475-4ae9-8f31-75fe569d8094,extradition.lawyer,premium,1035.2,1035.2,high,low,11,spaceship,,,01/10/2026 15:51
a7fac462-5622-4f7f-8329-e66b7274a119,backbend.lawyer,available,62.99,62.99,medium,low,8,namesilo,,,21/09/2026 15:01
85d1471f-b96e-429e-8dce-7b9c597200c4,biaxial.lawyer,available,65.98,66.98,medium,low,7,namecheap,,,09/08/2026 18:44
cf0af410-cd6a-43d6-a32c-90f183a60586,advertiser.lawyer,available,62.99,62.99,high,low,10,namesilo,,,17/09/2026 08:38
1fea9cd2-bcc9-47a4-bddc-2315f0e99baa,controls.lawyer,available,62.99,62.99,medium,low,8,namesilo,,,27/09/2026 23:26
edab957f-d0b1-418b-b354-716a0661de67,wim.lawyer,available,49.88,49.88,high,low,3,spaceship,,,01/10/2026 07:40
96b9b28f-aef6-4fae-bd19-b7b0fd1bc82a,irate.lawyer,available,62.99,62.99,medium,low,5,namesilo,,,22/08/2026 09:44
66d74bb2-f779-423f-af97-6a6b46599f0c,lvi.lawyer,available,62.99,62.99,medium,low,3,namesilo,,,
13d6197e-5bd2-4305-bab8-a63e4c352d07,nevins.lawyer,available,65.98,66.98,medium,low,6,namecheap,,,02/10/2026 20:59
083915c4-a22c-4a7c-b47b-a2a9245e4ccf,betise.lawyer,available,62.99,62.99,medium,low,6,namesilo,,,23/09/2026 11:18
10a42c52-df2a-49b8-84b9-5cbc91260715,hawthorne.lawyer,premium,118.8,118.8,high,low,9,namesilo,,,30/09/2026 10:05
30702e94-7177-40d0-b8a8-24c23431a413,hookup.lawyer,available,62.99,62.99,high,low,7,namesilo,,,
34275e1b-6307-4bf5-9d3a-a2b3cbf42c27,ground.lawyer,available,62.99,62.99,high,low,6,namesilo,,,29/09/2026 17:40
529c160e-b6c3-4c62-bc8b-182163b2e173,rimed.lawyer,available,62.99,62.99,medium,low,5,namesilo,,,09/09/2026 17:39
5aa6f4d6-6a8c-46b7-98ce-2956a8da0d82,bartholin.lawyer,available,62.99,62.99,medium,low,9,namesilo,,,22/09/2026 09:14
eb499c8e-d726-4743-8c95-acf83691f329,stockholders.lawyer,available,49.88,49.88,high,low,12,spaceship,,,01/10/2026 18:35
2a1c0de7-2876-4466-b29d-f4739d47e8bc,soo.lawyer,available,49.88,49.88,medium,low,3,spaceship,,,28/09/2026 21:20
122d82e3-808a-4995-8845-bb7e2974a273,wispy.lawyer,available,62.99,62.99,medium,low,5,namesilo,,,13/09/2026 12:43
7581c4a6-cacb-42f1-a699-5de5df11f770,modestly.lawyer,available,62.99,62.99,medium,low,8,namesilo,,,15/09/2026 15:13
d2ec07fa-d43a-45d7-a65b-65b8ada1c0e7,nra.lawyer,premium,,,medium,low,3,,,,29/09/2026 01:42
235de57e-f08e-4488-b954-12b565ac6ee7,dearborn.lawyer,premium,102.67,102.67,high,low,8,spaceship,,,03/10/2026 02:51
cb736cbb-21a7-49f2-acfe-62be15b40ae4,asses.lawyer,available,62.99,62.99,low,low,5,namesilo,,,30/09/2026 15:16
253bf0e4-5e73-4840-93a4-e61d6b077fc0,repetitive.lawyer,available,62.99,62.99,medium,low,10,namesilo,,,22/08/2026 07:14
442b06a8-8db7-41ac-856c-d7531201d9c7,blackjack.lawyer,available,62.99,62.99,high,low,9,namesilo,,,24/09/2026 00:44
8ba0c072-6f5a-4713-bab0-6af56600d9c0,seeable.lawyer,available,62.99,62.99,medium,low,7,namesilo,,,10/09/2026 01:41
30ced4a8-32cb-4a1d-966f-c77899aa0f26,unkindly.lawyer,available,62.99,62.99,medium,low,8,namesilo,,,12/09/2026 14:15
4c58b87d-8a54-4930-89d6-cd2446e1c638,madge.lawyer,available,62.99,62.99,medium,low,5,namesilo,,,03/10/2026 03:01
75d8498f-a5cf-44fb-9226-21fdd17322a8,huddle.lawyer,available,49.88,49.88,high,low,6,spaceship,,,02/10/2026 05:22
9e3fa9e8-137a-4572-80ca-87de99872017,chiliad.lawyer,available,62.99,62.99,high,low,7,namesilo,,,
8a28cf7b-e033-4f3f-8351-edaba846a358,warhol.lawyer,available,62.99,62.99,high,low,6,namesilo,,,19/09/2026 05:06
d5181a8d-addc-4c1e-9894-e5d03880a88f,hoard.lawyer,available,62.99,62.99,medium,low,5,namesilo,,,12/08/2026 16:57
45918eb3-b07c-4d9a-9c60-3f1f68e28fe7,seize.lawyer,available,65.98,66.98,high,low,5,namecheap,,,23/09/2026 20:08
91d3a3d8-0a98-4ada-ad57-b02398cef114,scouting.lawyer,available,48.2,48.2,high,low,8,cloudflare,,,29/09/2026 00:51
6c69a935-22fb-459f-8b2a-6cba97a55a81,vortex.lawyer,available,49.95,49.95,high,medium,6,porkbun,,,30/09/2026 01:05
e69e5756-c790-4418-81f9-e50dd73d97f0,principal.lawyer,premium,1107,1107,high,low,9,namesilo,,,27/09/2026 05:53
317c02a2-5da0-4798-9eab-facb96305a87,nervy.lawyer,available,62.99,62.99,medium,low,5,namesilo,,,11/08/2026 02:28
e8e02dfc-271e-4b84-b6e7-5882516182e9,treasured.lawyer,available,62.99,62.99,high,low,9,namesilo,,,12/08/2026 04:21
cea84712-a6d4-428f-8b72-3ae49561b4e3,bassinet.lawyer,available,62.99,62.99,medium,low,8,namesilo,,,22/09/2026 12:23
b58684c2-f391-466f-bdea-b9292e349d97,nts.lawyer,available,49.95,49.95,high,low,3,porkbun,,,01/10/2026 08:33
998fd4c0-6a00-4ac2-97c7-9a8cb4507d30,notion.lawyer,available,62.99,62.99,high,low,6,namesilo,,,29/09/2026 23:40
288f494b-b31d-4ff6-8c4a-1193970f97ff,alienable.lawyer,available,62.99,62.99,high,low,9,namesilo,,,
cae59c4d-8237-4034-935d-0f6f5c16bb39,cheesecake.lawyer,available,62.99,62.99,high,low,10,namesilo,,,24/09/2026 14:12
3ac6a764-92e4-4caf-9d42-2227d7daca31,tcr.lawyer,available,62.99,62.99,high,low,3,namesilo,,,30/09/2026 05:05
cc5cc6b7-3559-4d79-a55e-33570023aed0,hunk.lawyer,available,51.58,51.58,high,low,4,dynadot,,,02/10/2026 15:45
281d8565-315b-4595-a0d4-eee31fc0ae1c,subliminal.lawyer,available,62.99,62.99,high,low,10,namesilo,,,11/09/2026 00:08
66f57579-db83-4754-b65b-120b401de555,tidily.lawyer,available,62.99,62.99,medium,low,6,namesilo,,,16/09/2026 09:05
28e4ffb7-3d1b-44d9-905b-463470fe9c40,platform.lawyer,available,62.99,62.99,high,medium,8,namesilo,,,01/10/2026 10:49
53fc37fc-3cbd-4866-a729-9613d8f0cc3e,gps.lawyer,available,48.2,48.2,high,medium,3,cloudflare,,,29/09/2026 01:05
bbf46e6e-b0b6-4275-8580-7d6b2ae4afe4,genetical.lawyer,available,65.98,66.98,medium,low,9,namecheap,,,18/08/2026 21:37
8cb829a5-fb54-45d9-877d-7b42e7fb75fb,sus.lawyer,available,62.99,62.99,high,low,3,namesilo,,,28/09/2026 14:17
989f6a2c-b149-4a57-81fb-b1c85417d3e9,eunice.lawyer,available,49.88,49.88,medium,low,6,spaceship,,,29/09/2026 03:57
a6745106-d9d1-4c21-92f3-6c8692dee0d2,parkersburg.lawyer,available,65.98,66.98,medium,low,11,namecheap,,,02/10/2026 00:08
234fc00f-ccb3-4eb1-b3b0-1c03b243be7d,nicolaus.lawyer,available,62.99,62.99,medium,low,8,namesilo,,,02/10/2026 10:17
452ed572-dbf0-40f1-aa4a-8b2e1129333a,attentions.lawyer,available,65.98,66.98,medium,low,10,namecheap,,,19/09/2026 21:27
300d3733-eb04-4c3e-81a8-5e40a445b890,hierarchic.lawyer,available,62.99,62.99,medium,low,10,namesilo,,,21/08/2026 08:20
61b752db-5829-439c-a944-2c4faf4f18dc,checkbook.lawyer,available,69.99,81.99,high,low,9,name.com,,,24/09/2026 13:57
539ce247-2003-4ad6-88f8-6412c406d98e,hanseatic.lawyer,available,49.88,49.88,medium,low,9,spaceship,,,02/10/2026 14:09
f5e98aad-8a8f-4c07-916a-7c3d3d7ffc0e,briefs.lawyer,premium,102.67,102.67,high,low,6,spaceship,,,29/09/2026 04:18
8178b551-3d28-4eb1-8c68-f12bcdac68f8,switched.lawyer,available,62.99,62.99,medium,low,8,namesilo,,,27/09/2026 09:43
bbe09ce1-551a-4875-9a7a-39b48fdcb072,plutonium.lawyer,available,62.99,62.99,high,low,9,namesilo,,,21/09/2026 00:12
489ecea7-fbc3-4806-920b-ca2190347b18,wayfaring.lawyer,available,62.99,62.99,medium,low,9,namesilo,,,13/09/2026 08:47
95234666-1235-43eb-a01b-51417c5afcb3,pukka.lawyer,available,62.99,62.99,medium,low,5,namesilo,,,09/09/2026 05:24
c6ab7476-200c-4eed-8dc3-7105018d7e92,dangerously.lawyer,available,49.88,49.88,medium,low,11,spaceship,,,29/09/2026 14:40
b0f53aa0-775a-41ff-a9c4-afaa501515d6,scripts.lawyer,available,49.95,49.95,medium,low,7,porkbun,,,29/09/2026 05:41
5e218b3c-cfc0-4b85-8ec5-f7aae3e8b73f,czechoslovak.lawyer,available,65.98,66.98,medium,low,12,namecheap,,,26/09/2026 03:18
6483cb1d-ec46-48ee-8ad8-4e0720a9ddab,georgiana.lawyer,available,65.98,66.98,medium,low,9,namecheap,,,30/09/2026 21:21
244a9bfb-601a-4b0c-afff-7fb9b147a9d5,giovanni.lawyer,premium,242,242,high,low,8,namesilo,,,25/09/2026 14:42
8f661c90-6088-4837-a969-a74ca2c71fb1,ehrlich.lawyer,available,62.99,62.99,medium,low,7,namesilo,,,29/09/2026 00:46
ad0f158a-d0fa-4714-b462-c902abb96ac5,vendable.lawyer,available,65.98,66.98,medium,low,8,namecheap,,,24/08/2026 20:30
f2611a01-4fc7-41d3-ad1e-06574c1c4e4b,donations.lawyer,available,51.58,51.58,medium,low,9,dynadot,,,29/09/2026 17:05
7a44fde4-2f27-44b0-9d22-5930e986be33,skylight.lawyer,available,62.99,62.99,high,low,8,namesilo,,,03/10/2026 02:07
5faa92d4-5de9-4828-8549-a2c2eec4d949,heyday.lawyer,available,62.99,62.99,high,low,6,namesilo,,,18/08/2026 09:24
0f226b10-d08a-4d7b-bcb7-b490b86a3c44,longitude.lawyer,available,49.88,49.88,high,low,9,spaceship,,,30/09/2026 03:11
ea3db3b1-e1a3-4c2f-9459-98305618767e,manuals.lawyer,premium,242,242,medium,low,7,namesilo,,,20/09/2026 09:33
50e6ad28-5cf3-47fd-8106-e66e59ebc249,citrus.lawyer,available,62.99,62.99,high,low,6,namesilo,,,30/09/2026 01:03
b82fe844-3104-4bf6-9d97-5fed9fd9969d,hegelian.lawyer,available,62.99,62.99,medium,low,8,namesilo,,,21/08/2026 06:14
59d44db2-50fb-4b42-ac22-10398e7867e4,unbooked.lawyer,available,62.99,62.99,medium,low,8,namesilo,,,12/09/2026 02:19
e3623d9a-8290-46d1-aa76-c5bf519e794e,disks.lawyer,available,62.99,62.99,medium,low,5,namesilo,,,18/09/2026 11:49
8bce579e-af50-4eae-a9bf-3de3f8a60f51,defenders.lawyer,premium,2750,2750,medium,low,9,dynadot,,,01/10/2026 00:48
fc8e4342-9b48-4b4c-b2f8-e0e4cd589827,recreational.lawyer,available,49.88,49.88,high,low,12,spaceship,,,29/09/2026 10:15
9a3250ff-d4a6-490d-8a71-3e86a0183365,doctorfish.lawyer,available,65.98,66.98,medium,low,10,namecheap,,,16/09/2026 20:58
1d0d3cab-c999-4d35-aa4f-74b642ca6052,sooty.lawyer,available,62.99,62.99,medium,low,5,namesilo,,,12/08/2026 13:47
74198db2-3a75-4dbc-beb1-d119c35d20bf,penance.lawyer,available,62.99,62.99,high,low,7,namesilo,,,02/10/2026 06:03
d7c7c18d-2e0a-4895-8a1f-5d16326e2708,familial.lawyer,available,65.98,66.98,high,low,8,namecheap,,,17/08/2026 21:41
397aac5c-8a9d-4818-98ad-6faa22708698,doolittle.lawyer,available,48.2,48.2,medium,low,9,cloudflare,,,29/09/2026 00:40
21588df9-831b-4cf8-a8e8-9575c64df8c5,musa.lawyer,available,62.99,62.99,high,low,4,namesilo,,,28/09/2026 05:49
a321ebdc-96a9-4799-9261-f617ffd1634c,berserk.lawyer,available,62.99,62.99,medium,low,7,namesilo,,,
4ea17105-e909-4c7e-91d6-c71f4ec09258,placed.lawyer,available,62.99,62.99,high,low,6,namesilo,,,25/09/2026 14:13
8eee0cec-6965-469a-b9bd-bdd554734ba2,cbt.lawyer,available,62.99,62.99,high,low,3,namesilo,,,01/10/2026 15:54
ceaf9209-b330-4e27-8457-c246c4322d8a,jeffrey.lawyer,premium,512,512,high,low,7,namesilo,,,25/09/2026 13:36
3da4fe1f-a7ea-4471-b7d7-6e4db24ff625,oven.lawyer,available,49.88,49.88,high,low,4,spaceship,,,28/09/2026 06:32
b45401c4-2daa-4ab3-ad72-e9b70c495c48,variable.lawyer,available,49.88,49.88,high,low,8,spaceship,,,28/09/2026 10:08
e7bb7909-b990-430b-84b6-eff9e2f41094,thoroughbred.lawyer,available,49.88,49.88,high,low,12,spaceship,,,01/10/2026 05:36
42fbc5f9-88f4-43bf-9668-760bed72c873,trier.lawyer,available,62.99,62.99,medium,low,5,namesilo,,,21/09/2026 01:21
01c6b3e4-9342-4c59-be1a-c8798b2499f7,usmc.lawyer,available,49.88,49.88,high,low,4,spaceship,,,30/09/2026 17:59
386deb3e-6d95-43e5-ae6c-55d6f6f35999,donnelly.lawyer,premium,118.8,118.8,medium,low,8,namesilo,,,27/09/2026 20:53
5ca81bba-7c36-4423-91a0-7841f9744755,novi.lawyer,premium,,,high,low,4,,,,28/09/2026 21:12
53932358-d6d7-47bd-bc85-d0bd593a3da9,tons.lawyer,available,49.95,49.95,high,low,4,porkbun,,,28/09/2026 15:04
e5874cc8-037c-489e-8b74-a52711faeaa8,pub.lawyer,premium,118.8,118.8,high,low,3,namesilo,,,29/09/2026 20:50
7f7d4f92-1bec-4a79-8b2c-a415b58a111a,quotation.lawyer,available,107.99,107.99,high,low,9,godaddy,,,01/10/2026 01:28
7c905e03-b6b8-45a1-a7fd-35821d2080cc,contagious.lawyer,available,65.98,66.98,high,low,10,namecheap,,,11/08/2026 21:18
3792cca6-f635-4f11-933a-e557ef398679,anisette.lawyer,available,62.99,62.99,medium,low,8,namesilo,,,19/09/2026 09:29
ab4ab011-8701-415d-91a9-6e39cd144b1c,monotony.lawyer,available,62.99,62.99,medium,low,8,namesilo,,,21/08/2026 15:10
d9302bce-54da-479b-a588-029c6f7e8507,cpu.lawyer,available,62.99,62.99,high,low,3,namesilo,,,24/09/2026 11:27
d1f95371-ae68-4492-8d76-6239876df329,compatibility.lawyer,available,49.95,49.95,high,low,13,porkbun,,,30/09/2026 06:20
c48d4a1c-8147-4297-a06c-5d52b9b7331b,wander.lawyer,available,48.2,48.2,high,low,6,cloudflare,,,28/09/2026 01:37
b6545e9d-16f8-44f2-a0f1-4762f39a01d9,glut.lawyer,available,62.99,62.99,medium,low,4,namesilo,,,23/09/2026 17:21
bb28fffd-171d-4140-b79c-116590bf3666,mincing.lawyer,available,69.99,81.99,high,low,7,name.com,,,13/08/2026 15:43
8bf53a4c-aa7f-4e82-8113-ceb7bc1818a8,glen.lawyer,premium,207.2,207.2,high,low,4,spaceship,,,29/09/2026 19:03
7790f0d6-cebc-407d-afa6-ecd95fe51c2e,alopecia.lawyer,available,65.98,66.98,medium,low,8,namecheap,,,18/09/2026 13:18
a21be7f9-d161-4820-974a-b2fcd339cea9,exceeded.lawyer,available,62.99,62.99,medium,low,8,namesilo,,,30/09/2026 00:20
57fa2835-728a-4119-8d50-8897c976b9e0,kidd.lawyer,premium,414.2,414.2,high,low,4,spaceship,,,28/09/2026 01:23
3a68d0cd-4e7e-487b-9029-aae5d9ea2cff,moor.lawyer,available,51.58,51.58,high,low,4,dynadot,,,01/10/2026 03:02
85b1fb4b-65bb-46cf-84dd-0b341043a8c6,pamphlets.lawyer,available,49.88,49.88,medium,low,9,spaceship,,,01/10/2026 00:17
8edd5c4b-1eb1-4080-80b0-0d5a8092a987,saintly.lawyer,available,62.99,62.99,high,low,7,namesilo,,,
5776093c-46bc-4ea4-bfc9-a83f80caa4f1,concession.lawyer,available,62.99,62.99,high,low,10,namesilo,,,24/09/2026 17:04
970ce5b2-c9ba-4fd3-b7c1-16f01dcebeb5,valmy.lawyer,available,62.99,62.99,medium,low,5,namesilo,,,22/09/2026 16:13
12adb7e0-9dbe-4d2d-8758-f95d775af17e,coming.lawyer,available,65.98,66.98,high,low,6,namecheap,,,03/10/2026 02:33
255a7aae-af6b-4115-8ad7-95814fc8b04b,ubiquitous.lawyer,available,62.99,62.99,high,low,10,namesilo,,,04/09/2026 13:54
e1b72c5e-d020-453c-a4bf-fb2891c723d1,realities.lawyer,available,62.99,62.99,medium,low,9,namesilo,,,29/09/2026 17:45
6321ce2a-9174-4e41-89a6-e2cc2bc7cb8e,ironical.lawyer,available,62.99,62.99,medium,low,8,namesilo,,,22/08/2026 10:06
21f9c044-03d6-486d-b0cc-fe7f5725fb38,lately.lawyer,available,62.99,62.99,medium,low,6,namesilo,,,28/09/2026 16:06
b10524d4-dc27-4117-959c-167eb61d37c2,outside.lawyer,available,62.99,62.99,high,low,7,namesilo,,,21/09/2026 23:49
81b4983e-bb90-4f6f-ac69-edfede39b6fe,splattered.lawyer,available,69.99,81.99,medium,low,10,name.com,,,13/08/2026 15:21
e31e0b0d-c2f1-4ff9-9b78-7074027dcf8d,beatific.lawyer,available,62.99,62.99,high,low,8,namesilo,,,
9822da77-e1e9-4278-ba21-db87b1e68285,acousma.lawyer,available,62.99,62.99,medium,low,7,namesilo,,,17/09/2026 02:29
973ba907-cb6c-4d3e-8c88-a16cf62b0bc9,full.lawyer,available,65.98,66.98,high,low,4,namecheap,,,24/09/2026 14:07
5bc34cbc-4a74-4228-a1e7-88cd49b73a46,thermal.lawyer,available,62.99,62.99,high,low,7,namesilo,,,23/09/2026 12:37
89d65b5d-f8f5-4e29-9483-57b2a78bb239,astounding.lawyer,available,62.99,62.99,high,low,10,namesilo,,,22/09/2026 10:29
d48e41cd-b224-4594-8423-03f138b6c8c5,gsm.lawyer,available,62.99,62.99,high,low,3,namesilo,,,29/09/2026 15:14
915a31ae-6b94-4ede-9bd4-568741d299b0,granth.lawyer,available,62.99,62.99,medium,low,6,namesilo,,,17/09/2026 08:05
3662b034-ceb7-4a0f-8c0a-4a5f93594e06,frenetic.lawyer,available,62.99,62.99,medium,low,8,namesilo,,,18/08/2026 14:17
cd763440-94f3-43e6-b491-4c861b51f56e,jewels.lawyer,available,62.99,62.99,high,low,6,namesilo,,,18/09/2026 06:31
e3402e91-fd56-44e8-bd98-f60bbc779b7f,ourselves.lawyer,available,62.99,62.99,medium,low,9,namesilo,,,27/09/2026 08:55
853d1505-df8f-4981-8144-9c0349c06b02,opinion.lawyer,premium,1107,1107,high,low,7,namesilo,,,27/09/2026 16:53
d816bbad-2f3a-4e46-a1a0-d6f7e6711df1,aesthete.lawyer,available,62.99,62.99,medium,low,8,namesilo,,,17/09/2026 13:35
ff216578-8724-43ac-8ad1-a6746b2f6c4d,attlee.lawyer,available,62.99,62.99,medium,low,6,namesilo,,,16/09/2026 12:16
7c2692c9-a37f-4768-b84b-c761c75965f2,desperation.lawyer,available,49.88,49.88,medium,low,11,spaceship,,,29/09/2026 15:57
7dd1c158-06b9-4dba-9591-6364b36cabb7,snippet.lawyer,available,48.2,48.2,high,low,7,cloudflare,,,30/09/2026 11:22
66f412a1-67ed-453f-b40e-ef5f393f83f2,sidewalks.lawyer,available,62.99,62.99,medium,low,9,namesilo,,,21/09/2026 06:21
d3c1847d-e20a-4ffd-a976-68cfff57c84e,alistair.lawyer,available,49.88,49.88,high,low,8,spaceship,,,30/09/2026 04:50
30d668cd-a5d7-47e6-a6bc-810bcdda81f9,tease.lawyer,available,62.99,62.99,high,low,5,namesilo,,,11/09/2026 09:59
0e79bcd6-6040-4494-8c54-8738883d6c74,nitid.lawyer,available,62.99,62.99,medium,low,5,namesilo,,,
3d7fd795-b077-4ddf-9776-cb4f0c6eab65,batik.lawyer,available,65.98,66.98,high,low,5,namecheap,,,22/09/2026 14:02
f7833c74-21f4-4480-8cbc-d0e6a36b975d,affray.lawyer,available,62.99,62.99,high,low,6,namesilo,,,17/09/2026 14:43
33ba9cdf-d70b-4430-98e5-a6253c2e171c,lilac.lawyer,available,65.98,66.98,high,low,5,namecheap,,,22/08/2026 21:04
51aec7b2-f267-4c78-bda4-ea002598f7df,enrichment.lawyer,available,62.99,62.99,high,low,10,namesilo,,,03/10/2026 00:40
30713a59-fd5a-481b-a3df-c5ab07b8e5ab,jocund.lawyer,available,62.99,62.99,medium,low,6,namesilo,,,22/08/2026 13:40
fc659bb4-09b7-4750-bef8-e1b8e6295f39,prominent.lawyer,premium,3450,3450,high,low,9,namesilo,,,27/09/2026 07:23
205c320d-41ca-4d8b-bc16-535f3a250058,masculinity.lawyer,available,48.2,48.2,medium,low,11,cloudflare,,,02/10/2026 01:23
e4e7ec18-01a9-4a0b-997d-6d7f8f326e6e,weaken.lawyer,available,51.58,51.58,medium,low,6,dynadot,,,29/09/2026 18:30
697ef182-c95d-4851-b0fa-77de2dcbe1b8,straying.lawyer,available,62.99,62.99,medium,low,8,namesilo,,,10/09/2026 22:14
43da7ecf-bae1-4adb-ad14-6a1b25f1ba81,stash.lawyer,available,62.99,62.99,high,low,5,namesilo,,,30/09/2026 08:53
937cde5a-4535-43d9-8206-f3d54345fa6b,rem.lawyer,available,51.58,51.58,high,low,3,dynadot,,,01/10/2026 03:15
9bd2995f-b886-4e7d-8a76-f002018a8bbe,leaky.lawyer,available,62.99,62.99,medium,low,5,namesilo,,,22/08/2026 22:01
c65893ee-ada4-4a93-b53a-33a8aa6782f5,messina.lawyer,available,48.2,48.2,medium,low,7,cloudflare,,,28/09/2026 14:51
fae2bf1c-a59b-4cd7-9147-2f2a1b55ec3c,boc.lawyer,available,48.2,48.2,high,low,3,cloudflare,,,03/10/2026 04:08
ac9b8882-8bd0-4e38-94d7-61f84004002d,tolerance.lawyer,available,49.88,49.88,high,low,9,spaceship,,,28/09/2026 20:10
d52b330d-4ced-4dac-96c0-abdaf7663dfe,buttery.lawyer,available,65.98,66.98,medium,low,7,namecheap,,,19/09/2026 18:30
07a44c16-65cb-4dba-bdf5-19338dfbf74a,requests.lawyer,premium,242,242,high,low,8,namesilo,,,17/09/2026 17:07
c6477654-9602-42d6-b062-0a49566be44d,vicar.lawyer,available,62.99,62.99,high,low,5,namesilo,,,02/10/2026 17:05
560c7c83-da7b-4c5b-9ded-9144313b90d7,aubergine.lawyer,available,62.99,62.99,high,low,9,namesilo,,,21/09/2026 02:33
51116980-7ef0-4f12-bd67-f97e1fff042c,merits.lawyer,available,49.88,49.88,medium,low,6,spaceship,,,29/09/2026 16:29
82acb3f1-b4e6-4b04-9e0d-d24456c4d29c,mackinnon.lawyer,available,49.88,49.88,medium,low,9,spaceship,,,30/09/2026 04:33
abc63679-dd99-4adb-8383-eb31e0380c09,voluminous.lawyer,available,62.99,62.99,high,low,10,namesilo,,,13/08/2026 00:30
edf081fc-6911-43dd-b96c-656f8832bdd1,canonic.lawyer,available,62.99,62.99,high,low,7,namesilo,,,11/08/2026 17:22
8a2d0b2a-4e11-48c3-925a-715a112a1761,aluminum.lawyer,available,62.99,62.99,high,low,8,namesilo,,,18/09/2026 00:21
6959cbc6-845f-4327-a957-af87c7227599,experimented.lawyer,available,48.2,48.2,medium,low,12,cloudflare,,,30/09/2026 07:34
9c540a66-389f-44f1-89c4-04d9897d014b,wayne.lawyer,available,62.99,62.99,high,low,5,namesilo,,,19/09/2026 13:47
af85eac3-a2ba-482f-9402-b7a09f816740,insects.lawyer,available,49.88,49.88,medium,low,7,spaceship,,,28/09/2026 22:56
58115954-94e5-420f-8f7d-e600297ba066,petar.lawyer,available,49.88,49.88,medium,low,5,spaceship,,,03/10/2026 03:56
ed8135a1-e8d4-496b-b16b-d0a8bbb54e41,delays.lawyer,available,62.99,62.99,low,low,6,namesilo,,,29/09/2026 17:36
57aeaf0d-7f72-45cf-8f53-fe08805bfe02,permutable.lawyer,available,65.98,66.98,medium,low,10,namecheap,,,08/09/2026 17:50
2801a4cc-5f09-44ae-9eb1-bad1a0219d14,diabetic.lawyer,premium,3750,3750,high,low,8,name.com,,,14/08/2026 05:36
84231cb3-4c2a-480d-a0d4-aea8b5dc53b7,acantha.lawyer,available,65.98,66.98,medium,low,7,namecheap,,,16/09/2026 20:38
88743c40-7795-415a-b82b-6891949738b5,agdistis.lawyer,available,62.99,62.99,medium,low,8,namesilo,,,17/09/2026 16:43
6429650f-1801-4aa7-8f6b-55ec853f1228,ignorant.lawyer,available,65.98,66.98,high,low,8,namecheap,,,21/08/2026 18:27
f1ea9a2c-2345-4875-a3f8-eeda3fa00473,ramate.lawyer,available,62.99,62.99,medium,low,6,namesilo,,,11/08/2026 02:17
bb071284-b770-4837-a6b5-5259adbed5cb,proscribed.lawyer,available,62.99,62.99,high,low,10,namesilo,,,18/08/2026 11:01
7c291552-a722-414f-82bd-c7d390ff2328,shakespeare.lawyer,available,49.88,49.88,high,low,11,spaceship,,,02/10/2026 08:48
b7bda5d0-4e96-469d-98ed-9df8391dd17e,polished.lawyer,available,62.99,62.99,high,low,8,namesilo,,,24/08/2026 23:10
5f574e46-2981-4673-bcd5-e01cabaacbd2,dinky.lawyer,available,62.99,62.99,medium,low,5,namesilo,,,14/08/2026 08:14
c4909acd-9cc9-4867-b847-33170d00202d,classify.lawyer,available,62.99,62.99,high,low,8,namesilo,,,24/09/2026 15:20
b553edb1-9184-4a5f-a0e9-ede605e4724e,adverbs.lawyer,available,65.98,66.98,medium,low,7,namecheap,,,18/09/2026 21:42
c03f2f71-1111-4af3-b50a-fdb48be49f95,morton.lawyer,premium,118.8,118.8,high,low,6,namesilo,,,25/09/2026 05:58
41d97b00-9e25-4591-8919-9f157353bef2,dialysis.lawyer,available,62.99,62.99,high,low,8,namesilo,,,02/10/2026 04:35
1481d3c6-f373-4018-a154-8732fc741958,embryonic.lawyer,available,62.99,62.99,medium,low,9,namesilo,,,16/08/2026 13:28
f22623e2-7739-4008-8988-277abe1abf18,basement.lawyer,available,49.88,49.88,high,low,8,spaceship,,,29/09/2026 01:22
df66e96f-1922-473e-a7f0-d3219dcb4146,strangers.lawyer,available,62.99,62.99,medium,low,9,namesilo,,,
c178f267-c082-45af-a755-06a2bc2a6b44,ages.lawyer,available,62.99,62.99,medium,low,4,namesilo,,,
6681c2d0-3157-400a-8f87-f184f418497d,restart.lawyer,available,62.99,62.99,high,low,7,namesilo,,,30/09/2026 02:42
65973484-2f12-47d9-b53d-cbd13991282a,emmet.lawyer,available,62.99,62.99,medium,low,5,namesilo,,,19/09/2026 12:15
c7f9eae9-dceb-4470-b8f5-fffb325551d9,cabins.lawyer,available,62.99,62.99,medium,low,6,namesilo,,,20/09/2026 12:16
b5c46423-47c4-4ab4-9dfd-37467a0be192,rostock.lawyer,available,48.2,48.2,high,low,7,cloudflare,,,30/09/2026 18:34
5cc8794d-382d-4be5-abbf-0ea21cbe0592,chatterer.lawyer,available,62.99,62.99,high,low,9,namesilo,,,21/09/2026 12:24
c2d123c5-5143-47c7-b359-cc0e4ba38d89,bivalvia.lawyer,available,65.98,66.98,medium,low,8,namecheap,,,23/09/2026 23:16
2e1fa46c-6974-4ba9-a855-51c3f803953c,extravert.lawyer,available,65.98,66.98,high,low,9,namecheap,,,17/08/2026 19:28
2ec4e0a9-0dfb-427c-b476-5e0236501da7,endeavour.lawyer,available,62.99,62.99,high,low,9,namesilo,,,21/09/2026 01:16
944a47f7-5c05-43a1-bc74-3a359ee7511c,soundlike.lawyer,available,62.99,62.99,low,low,10,namesilo,,,
19083857-95c6-4ec2-90de-1e671506e9bc,unlikeable.lawyer,available,62.99,62.99,medium,low,10,namesilo,,,12/09/2026 00:56
dcc5f182-be69-4235-96e9-f0da06fc4789,vulgar.lawyer,available,62.99,62.99,high,low,6,namesilo,,,14/08/2026 22:44
d7a81a1c-a078-4644-9983-647321503842,throbbing.lawyer,available,62.99,62.99,high,low,9,namesilo,,,11/09/2026 14:47
3c810961-cde2-4fe4-854a-2e3c4330046d,reflective.lawyer,available,62.99,62.99,high,low,10,namesilo,,,11/08/2026 06:03
598024e6-d8d8-4b79-96ab-a6d84a8a2e39,sister.lawyer,available,62.99,62.99,high,low,6,namesilo,,,26/09/2026 00:18
0b7e5e46-68ba-4916-9a97-4e4ecf26ed55,mythic.lawyer,available,62.99,62.99,high,low,6,namesilo,,,03/09/2026 12:29
2b6c546a-b305-48f8-9477-10edbf922d06,cystic.lawyer,available,69.99,81.99,medium,low,6,name.com,,,13/08/2026 14:36
23cdbd16-4138-4093-9d6d-d39b845f38f4,academe.lawyer,available,65.98,66.98,high,low,7,namecheap,,,16/09/2026 20:22
1bbe7021-a740-4601-969a-892afb41b714,potatoes.lawyer,available,62.99,62.99,medium,low,8,namesilo,,,27/09/2026 02:12
7aadb61a-4329-46fa-8e08-ef1f1dc170da,concluding.lawyer,available,62.99,62.99,high,low,10,namesilo,,,19/09/2026 15:36
f83a61ff-0956-4659-9a0d-8cd3b814007b,racetrack.lawyer,available,49.88,49.88,high,low,10,spaceship,,,30/09/2026 18:25
78435eec-d62c-480b-b354-2848680fbacd,dryers.lawyer,available,62.99,62.99,medium,low,6,namesilo,,,21/09/2026 07:40
00738dd7-ddb5-4900-8de0-28d439ac7557,parameter.lawyer,available,65.98,66.98,high,low,9,namecheap,,,02/10/2026 16:19
58b5dcfc-4173-4bf7-befb-3d52edf72f7c,agreed.lawyer,available,62.99,62.99,high,low,6,namesilo,,,21/09/2026 23:21
11a0489e-d2a2-4783-8412-048b3ea5adea,fledgling.lawyer,available,62.99,62.99,medium,low,9,namesilo,,,11/08/2026 14:45
dfbeb7dd-ca05-4e0d-b440-10c0d2b37611,colvin.lawyer,available,49.88,49.88,medium,low,6,spaceship,,,29/09/2026 22:39
a95eae51-d02b-4677-be16-6d963ab1fc08,sikkim.lawyer,available,48.2,48.2,medium,low,6,cloudflare,,,30/09/2026 02:52
cac67fd5-e93a-4b00-afa8-66a103d0a7b5,joplin.lawyer,available,49.88,49.88,medium,low,6,spaceship,,,28/09/2026 19:32
01378001-1173-4120-bb90-cb5d7d8d742a,implementing.lawyer,available,49.88,49.88,medium,low,12,spaceship,,,01/10/2026 16:36
b0561d8f-f117-4c88-86bf-4c172c8951e1,moses.lawyer,premium,242,242,high,low,5,namesilo,,,19/09/2026 10:00
965e9b4c-7cfd-49b3-b07f-58b6a080330e,offish.lawyer,available,62.99,62.99,low,low,6,namesilo,,,04/09/2026 01:35
83656613-25de-42aa-9e72-c04e1b2fa72f,autologous.lawyer,available,62.99,62.99,medium,low,10,namesilo,,,07/08/2026 20:37
911b8309-10dc-4e26-a3fc-9fc288f756c9,straws.lawyer,available,62.99,62.99,medium,low,6,namesilo,,,20/09/2026 08:03
bf537994-f14d-4a3c-a32d-bb1f1b1ecbe0,pms.lawyer,available,49.88,49.88,high,low,3,spaceship,,,02/10/2026 16:24
eacc3208-89b8-4d4e-9a3c-785975369a7b,groggy.lawyer,available,62.99,62.99,medium,low,6,namesilo,,,18/08/2026 09:53
7e8f2ced-ba6e-44ad-89c4-a3441676cd6c,blasted.lawyer,available,62.99,62.99,medium,low,7,namesilo,,,10/08/2026 12:35
a126e965-6ae7-4eec-83f4-33c07163efa7,macquarie.lawyer,available,62.99,62.99,high,low,9,namesilo,,,29/09/2026 09:16
3d61acf7-fec0-4c40-95c0-125f6b37a9b3,pyrenees.lawyer,available,49.88,49.88,high,low,8,spaceship,,,30/09/2026 08:57
89c73c06-95ae-4c0b-9002-d82a923f7fc6,joints.lawyer,available,65.98,66.98,medium,low,6,namecheap,,,20/09/2026 03:38
26b4023d-5775-4ead-a951-b42cf045fde4,proficient.lawyer,available,65.98,66.98,high,low,10,namecheap,,,21/09/2026 17:23
38c7648e-57e9-4d60-9c45-337af487b43f,tattletale.lawyer,available,62.99,62.99,medium,low,10,namesilo,,,11/09/2026 10:28
69b6d5db-6129-4e83-8f88-0aaa9eb9d5ac,venezuelan.lawyer,premium,3900,3900,high,low,10,namecheap,,,13/09/2026 02:04
098ab883-3ee7-4b2d-b255-08e18f8fe425,birretta.lawyer,available,62.99,62.99,medium,low,8,namesilo,,,23/09/2026 10:09
3897eedb-9550-4ef0-90c6-54ec82e92093,enlarged.lawyer,available,65.98,66.98,high,low,8,namecheap,,,22/09/2026 22:37
21dd65bf-d5d3-477e-b8ad-45a2e32abc0f,visceral.lawyer,available,62.99,62.99,medium,low,8,namesilo,,,10/09/2026 16:02
0e0ff0c4-fc69-4d91-b080-6d6a84042b40,outsider.lawyer,available,51.58,51.58,high,low,8,dynadot,,,28/09/2026 15:01
6fcb4d33-4f52-47e8-bc5b-b8d81abfd9d9,northerner.lawyer,available,62.99,62.99,medium,low,10,namesilo,,,13/09/2026 14:16
b8ce3a5b-d7d0-4f2b-8fe9-a62593e0e235,dual.lawyer,available,62.99,62.99,high,low,4,namesilo,,,14/08/2026 16:37
29a9251c-12be-4738-85b7-27c9ae0840be,devonian.lawyer,available,62.99,62.99,medium,low,8,namesilo,,,17/09/2026 16:49
f9c3c2de-f0a2-4140-961d-7949b25117d1,lillian.lawyer,premium,260,260,medium,low,7,namecheap,,,26/09/2026 03:34
74d523b6-83d5-4d9f-abdf-7de36979538c,restaurateur.lawyer,available,62.99,62.99,high,low,12,namesilo,,,03/10/2026 02:32
d9faf6f9-fae6-442d-b26a-5a95b975bee1,disconnect.lawyer,available,49.88,49.88,high,low,10,spaceship,,,29/09/2026 15:30
8787e55b-40bd-4538-b181-5bb2b2fb1e51,steuben.lawyer,available,65.98,66.98,medium,low,7,namecheap,,,22/09/2026 07:05
06753323-572a-4776-946b-9ffd39ce5646,analog.lawyer,available,62.99,62.99,high,low,6,namesilo,,,
27ae11ce-f222-4839-9eac-d20575951cc9,cochise.lawyer,available,62.99,62.99,high,low,7,namesilo,,,02/10/2026 04:24
eb54cddb-b92c-430d-bcb3-d59ce4188108,maidenly.lawyer,available,62.99,62.99,medium,low,8,namesilo,,,24/08/2026 13:14
85003b05-8a5c-4f61-8a56-7b85f7ebaf3f,maturity.lawyer,available,62.99,62.99,high,low,8,namesilo,,,17/09/2026 10:27
71fbe00a-a2f3-4e11-a37f-071d1d4d87dd,awaited.lawyer,available,49.88,49.88,medium,low,7,spaceship,,,02/10/2026 22:15
21b02ab1-7101-4935-983c-59946f3ab9e7,reliable.lawyer,available,49.88,49.88,high,low,8,spaceship,,,02/10/2026 11:48
705f18e6-469e-48fb-8535-ffe01e04a68c,tunnel.lawyer,available,62.99,62.99,high,low,6,namesilo,,,25/09/2026 03:48
89b59664-e5df-4589-9060-76c593b5c73c,capua.lawyer,available,49.88,49.88,medium,low,5,spaceship,,,02/10/2026 18:56
bdf98ab4-331e-4ae0-baca-976082872868,mavin.lawyer,available,62.99,62.99,high,low,5,namesilo,,,
4ae7cb62-531c-4abe-8b65-0b6aedb63cb5,perplexing.lawyer,available,65.98,66.98,medium,low,10,namecheap,,,08/09/2026 17:58
5df87213-7693-4f1e-b336-df412008bd23,gush.lawyer,available,62.99,62.99,high,low,4,namesilo,,,22/08/2026 13:07
f4b718bc-0de0-4d44-9ad7-24324529bdfa,winy.lawyer,available,62.99,62.99,medium,low,4,namesilo,,,13/09/2026 12:25
e7ddb07e-f5b1-4a76-9120-d20ec1f2e57a,banquette.lawyer,available,62.99,62.99,medium,low,9,namesilo,,,22/09/2026 03:08
a2e7006f-3efd-40ba-b77c-fae1a37bcab3,inhibit.lawyer,available,48.2,48.2,high,low,7,cloudflare,,,30/09/2026 16:14
74a1920e-3f32-41f7-bb96-0b6207180a6a,owning.lawyer,available,62.99,62.99,medium,low,6,namesilo,,,20/09/2026 00:32
ad31164b-2af5-4d31-a4cf-993f0a6499df,bandung.lawyer,premium,512,512,medium,low,7,namesilo,,,22/09/2026 01:32
f5713112-87be-4c04-b340-816317201075,angina.lawyer,available,62.99,62.99,medium,low,6,namesilo,,,19/09/2026 06:08
9970bf37-1356-406a-b8bc-bab784737a84,mainz.lawyer,available,62.99,62.99,high,low,5,namesilo,,,28/09/2026 03:51
46da9a69-6ab5-43a4-b172-7e83849f87e0,clasp.lawyer,premium,242,242,high,low,5,namesilo,,,30/09/2026 08:50
183faa65-c8a4-4f3c-a794-201064320770,brush.lawyer,available,62.99,62.99,high,low,5,namesilo,,,29/09/2026 04:48
26cf2397-dce7-44e6-81c4-514cec979aad,indicators.lawyer,available,51.58,51.58,medium,low,10,dynadot,,,02/10/2026 13:58
cd7b8971-d412-4ce3-9677-8ec45de4067a,racks.lawyer,available,62.99,62.99,high,low,5,namesilo,,,02/10/2026 08:04
fcfd9455-31ce-48eb-9dce-94fce5b3642a,gelid.lawyer,available,65.98,66.98,medium,low,5,namecheap,,,18/08/2026 21:05